"Incident ID","Incident Date",State,"City Or County",Address,"# Killed","# Injured",Operations
797809,"March 18, 2017",Delaware,"Ocean View","36000 block of Pine Grove Ln",0,1,N/A
794788,"March 13, 2017",Delaware,Dover,"255 Webbs Ln.",0,0,N/A
793255,"March 12, 2017",Delaware,Wilmington,"1000 block of W. 7th St.",0,1,N/A
791511,"March 8, 2017",Delaware,Wilmington,"1000 block of N Lombard St",0,1,N/A
791515,"March 8, 2017",Delaware,Wilmington,"900 block of Marshall St",1,0,N/A
790132,"March 7, 2017",Delaware,Dover,"800 block of Bacon Ave",0,0,N/A
789337,"March 6, 2017",Delaware,Newark,"1913 Sheldon Dr",0,0,N/A
786956,"March 2, 2017",Delaware,Harbeson,"22000 block of Hurdle Ditch Rd",0,0,N/A
787185,"March 1, 2017",Delaware,Dover,"South Queen Street and Bank Lane",0,0,N/A
785476,"February 28, 2017",Delaware,Wilmington,"900 block of Vandever Avenue",0,1,N/A
786092,"February 28, 2017",Delaware,Dover,"820 Carvel Dr",1,0,N/A
782049,"February 23, 2017",Delaware,Wilmington,"600 block of E 23rd St",1,1,N/A
783405,"February 22, 2017",Delaware,Newark,"1000 block of S College Rd",0,0,N/A
779848,"February 21, 2017",Delaware,Wilmington,"2200 block of N Market St",2,0,N/A
779874,"February 20, 2017",Delaware,Wilmington,"800 block of Vandever Avenue",0,1,N/A
777947,"February 18, 2017",Delaware,Newark,"S College Ave and Christina Pkwy",0,0,N/A
779855,"February 18, 2017",Delaware,"New Castle","1500 block of Surry Ct",1,0,N/A
777624,"February 17, 2017",Delaware,"New Castle","700 block of Grantham Ln",0,1,N/A
1538245,"February 16, 2017",Delaware,Wilmington,"400 block of Delamore Pl",0,1,N/A
1538242,"February 16, 2017",Delaware,Wilmington,"942 Bennett St",0,1,N/A
777953,"February 16, 2017",Delaware,Wilmington,"900 block of Lombard",0,0,N/A
776160,"February 14, 2017",Delaware,Wilmington,"2000 block of Shallcross Avenue",0,0,N/A
774954,"February 13, 2017",Delaware,Wilmington,"2101 Prior Rd",0,0,N/A
774964,"February 12, 2017",Delaware,Wilmington,"400 block of W. 29th St",0,1,N/A
774030,"February 11, 2017",Delaware,Wilmington,"1100 block of B Street",0,1,N/A
774066,"February 10, 2017",Delaware,"New Castle","Fairhaven Court",0,0,N/A
772271,"February 10, 2017",Delaware,Dover,"Stevenson Dr",0,0,N/A
772276,"February 9, 2017",Delaware,Wilmington,"1000 block of W 3rd St",0,1,N/A
771092,"February 8, 2017",Delaware,"New Castle","100 block of Parma Ave",0,1,N/A
771085,"February 8, 2017",Delaware,Wilmington,"1700 block of Conrad Street",0,1,N/A
771083,"February 8, 2017",Delaware,Wilmington,"2400 block of N. Monroe St.",0,1,N/A
784933,"February 7, 2017",Delaware,Dover,"S New St",0,1,N/A
774948,"February 7, 2017",Delaware,"New Castle","Revelle and Deen streets",0,0,N/A
770313,"February 3, 2017",Delaware,Wilmington,"Lancaster Avenue and South Van Buren Street",0,0,N/A
767812,"February 3, 2017",Delaware,Greenwood,"Deep Grass Ln",0,0,N/A
767185,"February 3, 2017",Delaware,Wilmington,"S Van Buren St and Beech St",0,1,N/A
767183,"January 31, 2017",Delaware,Milford,"N Rehoboth Rd",0,0,N/A
764910,"January 31, 2017",Delaware,Selbyville,"31000 block of Lighthouse Rd",0,0,N/A
764469,"January 30, 2017",Delaware,Wilmington,"1200 block of Oak St",0,1,N/A
765159,"January 30, 2017",Delaware,Wilmington,"3rd and Washington streets",0,1,N/A
763483,"January 29, 2017",Delaware,Wilmington,"2900 block of N. Claymont St.",0,1,N/A
763107,"January 29, 2017",Delaware,Wilmington,"300 block of East 5th Street",0,1,N/A
762863,"January 29, 2017",Delaware,Laurel,"56 Sunset Dr",1,0,N/A
762758,"January 29, 2017",Delaware,Wilmington,"13th St and French St",0,1,N/A
762736,"January 27, 2017",Delaware,Wilmington,"9th St and N Pine St",0,1,N/A
762752,"January 27, 2017",Delaware,Laurel,"Laurel Rd and Shiloh Church Rd",0,0,N/A
761825,"January 27, 2017",Delaware,"New Castle","Booker Circle",0,1,N/A
760722,"January 26, 2017",Delaware,Dover,"700 block of S State St",0,0,N/A
1131906,"January 26, 2017",Delaware,Newark,"700 block of Vinings Way",1,0,N/A
760718,"January 25, 2017",Delaware,Dover,"300 block of Fulton Street",0,0,N/A
761612,"January 24, 2017",Delaware,Newark,"Prospect Ave",0,1,N/A
759893,"January 24, 2017",Delaware,Wilmington,"200 block of N Market St",0,2,N/A
760129,"January 23, 2017",Delaware,Claymont,"Naamans Road",0,0,N/A
758480,"January 23, 2017",Delaware,Wilmington,"1700 block of W 13th St",1,0,N/A
757386,"January 22, 2017",Delaware,Newark,"700 Prides Crossing",0,0,N/A
758270,"January 22, 2017",Delaware,Wilmington,"2300 block of N. Pine St",1,0,N/A
759226,"January 22, 2017",Delaware,"New Castle","100 block of Wimbledon Court",0,0,N/A
757946,"January 21, 2017",Delaware,Harrington,"4000 block of Cattail Branch Rd",0,0,N/A
756261,"January 20, 2017",Delaware,Wilmington,"200 block of S Harrison St",1,1,N/A
756252,"January 19, 2017",Delaware,Dover,"Loockerman and Queen Streets",0,0,N/A
755421,"January 18, 2017",Delaware,Wilmington,"S Market St",0,0,N/A
755781,"January 17, 2017",Delaware,Wilmington,"South Heald Street and A Street",0,1,N/A
753081,"January 17, 2017",Delaware,Wilmington,"7th and Market streets",1,0,N/A
755775,"January 17, 2017",Delaware,Wilmington,"200 block of N Rodney St",0,1,N/A
753084,"January 16, 2017",Delaware,Greenwood,"Unity Ln",0,1,N/A
1538240,"January 16, 2017",Delaware,Wilmington,"E 22nd St and N Spruce St",0,1,N/A
751257,"January 15, 2017",Delaware,Wilmington,"2200 block of N Church St",0,1,N/A
751222,"January 15, 2017",Delaware,Wilmington,"1400 block of Northeast Blvd",0,1,N/A
750823,"January 14, 2017",Delaware,Wilmington,"2200 block of Lamotte St",1,0,N/A
760324,"January 13, 2017",Delaware,"Rehoboth Beach","1900 block of Duffy St",0,1,N/A
747867,"January 11, 2017",Delaware,Wilmington,"100 block of E 14th St",1,0,N/A
748642,"January 11, 2017",Delaware,Wilmington,"300 block of S. Jackson St.",0,3,N/A
747875,"January 10, 2017",Delaware,Dover,"120 Haman Dr",1,0,N/A
747170,"January 9, 2017",Delaware,Wilmington,"101 N Clayton St",1,0,N/A
747177,"January 8, 2017",Delaware,Wilmington,"200 block of Porter St",1,0,N/A
743757,"January 3, 2017",Delaware,Dover,"S. Queen St.",0,0,N/A
742572,"January 3, 2017",Delaware,Wilmington,"7th Street and North Jackson Street",0,1,N/A
741648,"January 1, 2017",Delaware,Harrington,"301 Dorman St",0,1,N/A
737847,"December 30, 2016",Delaware,Magnolia,"Flint Dr",0,1,N/A
1060765,"December 29, 2016",Delaware,Dover,"W North Street and Saulsbury Rd",0,0,N/A
737837,"December 29, 2016",Delaware,"Seaford (Blades)","West 2nd St",0,0,N/A
736908,"December 28, 2016",Delaware,Wilmington,"100 block of S Jackson St",0,1,N/A
736910,"December 27, 2016",Delaware,Wilmington,"300 block of 9th Street",0,1,N/A
735846,"December 27, 2016",Delaware,Laurel,"1000 block of Hollybrook Apartments",0,0,N/A
733453,"December 23, 2016",Delaware,Dover,"Collins Drive",0,2,N/A
730679,"December 20, 2016",Delaware,Wilmington,"1000 block of Linda Rd",1,0,N/A
729961,"December 18, 2016",Delaware,Milford,"Southwest Front Street",0,0,N/A
724865,"December 13, 2016",Delaware,Wilmington,"200 block of W. 30th Street",0,0,N/A
726392,"December 13, 2016",Delaware,Dover,"400 block of New Castle Avenue",0,0,N/A
725882,"December 12, 2016",Delaware,Dover,"1400 block of South Farmview",0,1,N/A
723549,"December 10, 2016",Delaware,Dover,"100 block of South New Street",0,2,N/A
722345,"December 8, 2016",Delaware,Wilmington,"W. Fifth and N. Scott streets",0,1,N/A
720529,"December 6, 2016",Delaware,Dover,"400 block of Aspen Drive",1,0,N/A
719768,"December 5, 2016",Delaware,Wilmington,"22nd Street and Pine Street",0,1,N/A
719761,"December 4, 2016",Delaware,Bear,"100 block of Garwood Drive",0,1,N/A
717114,"December 1, 2016",Delaware,Wilmington,"2900 block of Baynard Blvd",0,1,N/A
715258,"November 30, 2016",Delaware,"New Castle","Howell Drive and Daniel Lane",0,1,N/A
717109,"November 30, 2016",Delaware,"New Castle","Deen and Pell Street",0,0,N/A
714336,"November 28, 2016",Delaware,Millsboro,"25935 Plaza Drive",0,0,N/A
714170,"November 28, 2016",Delaware,Dover,"South New Street",0,0,N/A
713618,"November 28, 2016",Delaware,Wilmington,"22nd and Jefferson streets",1,0,N/A
712811,"November 28, 2016",Delaware,Wilmington,"West 27th and North Van Buren streets",0,1,N/A
717116,"November 27, 2016",Delaware,"Dover (Leipsic)","Walnut Street",0,0,N/A
711670,"November 25, 2016",Delaware,Wilmington,"Seventh and Washington",0,0,N/A
709617,"November 24, 2016",Delaware,Wilmington,"North Van Buren Street",0,1,N/A
709141,"November 23, 2016",Delaware,Newark,"100 block of South Patrice Drive",0,2,N/A
709139,"November 23, 2016",Delaware,Dover,"30 South New Street",0,0,N/A
707305,"November 21, 2016",Delaware,Dover,"300 block of Martin St",0,0,N/A
705687,"November 19, 2016",Delaware,Wilmington,"800 block of Morrow St.",1,0,N/A
705053,"November 18, 2016",Delaware,Wilmington,"Cedar Ave and Maryland Avenue",0,2,N/A
703122,"November 16, 2016",Delaware,Millsboro,"W Monroe St and Houston St",1,0,N/A
702539,"November 16, 2016",Delaware,Wilmington,"Linden and S. Van Buren",0,1,N/A
700986,"November 14, 2016",Delaware,Wilmington,"8th and N. Madison streets",0,1,N/A
699363,"November 11, 2016",Delaware,Dover,"1st block of S. New Street",0,0,N/A
698615,"November 9, 2016",Delaware,Bridgeville,"2000 block of Windy Lane",0,0,N/A
696569,"November 8, 2016",Delaware,Claymont,"200 block of Dewey Court",1,0,N/A
697136,"November 8, 2016",Delaware,Dover,"South New and Reed streets",0,0,N/A
697132,"November 7, 2016",Delaware,Wilmington,"2152 Melson Rd",0,0,N/A
694687,"November 6, 2016",Delaware,Bear,"US 40 and Brookmont Dr",0,0,N/A
694259,"November 6, 2016",Delaware,Newark,"100 block of Flamingo Dr",0,1,N/A
697145,"November 5, 2016",Delaware,Seaford,"100 block of Woodland Mills",0,0,N/A
697751,"November 3, 2016",Delaware,Dover,"Kenton Road and College Road",0,0,N/A
697748,"November 3, 2016",Delaware,Dover,"Cooper Road",0,0,N/A
692082,"November 3, 2016",Delaware,Wilmington,"409 W 25th St",0,1,N/A
692556,"November 3, 2016",Delaware,Wilmington,"600 block of N. Madison St",0,0,N/A
693267,"November 2, 2016",Delaware,Wilmington,"1000 block of N. Church Street",0,0,N/A
692319,"November 2, 2016",Delaware,Wilmington,"1200 block of Lancaster Ave",0,1,N/A
692092,"November 2, 2016",Delaware,Wilmington,"1300 block of Chestnut St",0,1,N/A
692090,"November 2, 2016",Delaware,Wilmington,"1300 block of Chestnut St",0,1,N/A
691326,"November 1, 2016",Delaware,Wilmington,"200 block of E. 24th St.",1,0,N/A
690282,"October 31, 2016",Delaware,"New Castle","Revelle Street and Baylis Street",0,1,N/A
686274,"October 26, 2016",Delaware,Wilmington,"500 block of W. 25th St",0,2,N/A
684541,"October 25, 2016",Delaware,Dover,"400 block of New Castle Ave",0,1,N/A
685121,"October 25, 2016",Delaware,Middletown,"500 block of New Street",0,1,N/A
683784,"October 24, 2016",Delaware,Dover,"500 block of River Road",1,0,N/A
683027,"October 24, 2016",Delaware,Newark,"100 Christiana Mall Road",0,0,N/A
683023,"October 23, 2016",Delaware,"Wilmington (Newport)","500 block of Jackson Ave",0,1,N/A
680304,"October 20, 2016",Delaware,Wilmington,"Fourth and North Madison streets",0,1,N/A
681681,"October 20, 2016",Delaware,"New Castle","50 block of Highland Blvd",0,1,N/A
681690,"October 20, 2016",Delaware,Wilmington,"1600 block of West 3rd Street",0,0,N/A
681688,"October 20, 2016",Delaware,Milton,"West Springside Drive",0,1,N/A
679897,"October 19, 2016",Delaware,Wilmington,"2600 block of N. West St",0,1,N/A
680310,"October 18, 2016",Delaware,Wilmington,"499 Bethune Dr",0,1,N/A
679038,"October 17, 2016",Delaware,Wilmington,"1000 block of Clayton Road",0,0,N/A
679044,"October 16, 2016",Delaware,Dover,"1400 block of Forrest Ave",0,1,N/A
679042,"October 16, 2016",Delaware,Wilmington,"1500 block of W. Fourth St",0,0,N/A
677268,"October 15, 2016",Delaware,"Rehoboth Beach","Wolfe Neck Road",0,1,N/A
677749,"October 14, 2016",Delaware,Wilmington,"W. Third St. and N. Clayton St.",0,1,N/A
674414,"October 11, 2016",Delaware,Wilmington,"3100 block of N. Harrison St.",0,1,N/A
673762,"October 10, 2016",Delaware,Wilmington,"W 9th St and N West St",0,1,N/A
673765,"October 10, 2016",Delaware,Dover,"100 block of W. Loockerman St",0,0,N/A
672889,"October 9, 2016",Delaware,Wilmington,"W 22nd St",0,1,N/A
672887,"October 8, 2016",Delaware,Felton,"Walnut Shade Rd and S DuPont Hwy",0,0,N/A
673757,"October 8, 2016",Delaware,"Wilmington (Stanton)","500 block of Sixth Ave",0,0,N/A
670047,"October 4, 2016",Delaware,Harbeson,"25000 block of Hollis Road",0,0,N/A
669393,"October 3, 2016",Delaware,Newark,"20 block of Gogh Cir",0,1,N/A
668667,"October 3, 2016",Delaware,Wilmington,"700 block of E. 10th St",0,1,N/A
669015,"October 3, 2016",Delaware,Newark,"Gogh Circle and Ruebens Circle",0,1,N/A
668615,"October 2, 2016",Delaware,Wilmington,"1200 block of Elm Street",0,0,N/A
668609,"October 2, 2016",Delaware,"New Castle","100 block of Jillian's Way",0,1,N/A
668624,"September 30, 2016",Delaware,Newark,"300 block of Auckland Drive",0,1,N/A
665049,"September 27, 2016",Delaware,Dover,"Leipsic Road",0,0,N/A
662956,"September 24, 2016",Delaware,Bear,"U.S. 40",0,0,N/A
659412,"September 20, 2016",Delaware,Wilmington,"1500 block of West 3rd Street",0,1,N/A
660092,"September 20, 2016",Delaware,Wilmington,"200 block of East 14th Street",0,1,N/A
657805,"September 18, 2016",Delaware,Wilmington,"200 block of W 20th St",1,1,N/A
657958,"September 16, 2016",Delaware,Wilmington,"2700 block of West St.",0,2,N/A
657517,"September 16, 2016",Delaware,Wilmington,"900 block of N Pine St",0,0,N/A
657502,"September 15, 2016",Delaware,Dover,"1700 N Dupont Hwy",0,0,N/A
655198,"September 14, 2016",Delaware,Wilmington,"2600 block of North Market Street",0,1,N/A
656351,"September 14, 2016",Delaware,Millsboro,"20000 block of Miller Drive",0,1,N/A
654286,"September 11, 2016",Delaware,"New Castle","100 block of N.Dupont Highway",0,0,N/A
652981,"September 11, 2016",Delaware,"New Castle","500 block of S. DuPont Highway",0,1,N/A
652983,"September 10, 2016",Delaware,"New Castle","DE-273 and Airport Rd",0,1,N/A
650907,"September 8, 2016",Delaware,"New Castle","50 block of Morris Rd",0,1,N/A
649012,"September 5, 2016",Delaware,"New Castle","300 block of Wildel Ave",0,1,N/A
647723,"September 3, 2016",Delaware,Wilmington,"200 block of N. Franklin St.",0,1,N/A
647716,"September 3, 2016",Delaware,Wilmington,"50 block of W 27th St",0,1,N/A
647711,"September 3, 2016",Delaware,"New Castle",N/A,0,1,N/A
646713,"September 1, 2016",Delaware,Wilmington,"300 block of W. 24th Street",0,1,N/A
645022,"September 1, 2016",Delaware,Wilmington,"West 27th Street",0,3,N/A
646127,"August 31, 2016",Delaware,Dover,"River Road and Water Street",0,0,N/A
647726,"August 30, 2016",Delaware,Wilmington,"10th and Spruce streets",0,0,N/A
642964,"August 29, 2016",Delaware,Wilmington,"500 block of W Sixth St",0,1,N/A
640343,"August 26, 2016",Delaware,Wilmington,"Lea Blvd and N Market St",0,1,N/A
639517,"August 25, 2016",Delaware,Wilmington,"700  S. Vanburen Street",0,1,N/A
637934,"August 23, 2016",Delaware,Wilmington,"27th and N. Tatnall streets",0,1,N/A
636999,"August 22, 2016",Delaware,Wilmington,"500 block of W. 31st St",0,1,N/A
635091,"August 21, 2016",Delaware,Wilmington,"1200 block of Elm St.",0,1,N/A
636757,"August 21, 2016",Delaware,Dover,"300 block of Charring Cross Rd",0,0,N/A
633849,"August 18, 2016",Delaware,Dover,"100 block of South Queen Street",1,0,N/A
632869,"August 17, 2016",Delaware,Wilmington,"31st and North West streets",0,1,N/A
632871,"August 16, 2016",Delaware,Dover,"River Road and New Castle Avenue",0,0,N/A
630459,"August 15, 2016",Delaware,Wilmington,"3800 block of N. Market St.",0,0,N/A
630456,"August 15, 2016",Delaware,Wilmington,"600 block of W. Sixth St.",0,1,N/A
631476,"August 15, 2016",Delaware,"New Castle","700 block of Center St",0,0,N/A
629733,"August 14, 2016",Delaware,Wilmington,"500 block of W. 38th Street",0,1,N/A
630463,"August 13, 2016",Delaware,Dover,"200 block of Bradley Road",0,0,N/A
629393,"August 13, 2016",Delaware,Wilmington,"1600 block of West Third Street",0,1,N/A
629164,"August 13, 2016",Delaware,"New Castle","44 Birkshire Rd",0,1,N/A
629090,"August 13, 2016",Delaware,Lincoln,"10000 block of Crescent Shores Drive",0,1,N/A
626478,"August 10, 2016",Delaware,"Wilmington (Elsmere)","131 Scarborough Park",0,1,N/A
623234,"August 6, 2016",Delaware,Dover,"100 block of Holmes Street",0,1,N/A
623513,"August 6, 2016",Delaware,Wilmington,"Burnside Blvd and Newport Gap Pk",0,1,N/A
624714,"August 4, 2016",Delaware,Wilmington,"300 block of  E. 23rd St.",0,0,N/A
621571,"August 3, 2016",Delaware,Dover,"100 block of Madison Court",0,0,N/A
620582,"August 2, 2016",Delaware,Wilmington,"9th and Spruce streets",0,1,N/A
618053,"July 31, 2016",Delaware,Wilmington,"2600 block of N. Market Street",0,1,N/A
618821,"July 31, 2016",Delaware,Wilmington,"400 block of Concord Ave",0,1,N/A
616180,"July 29, 2016",Delaware,Dover,"Stevenson Drive",0,0,N/A
615416,"July 27, 2016",Delaware,Wilmington,"100 block of E. 27th St",0,1,N/A
612770,"July 24, 2016",Delaware,Dover,"51 Webbs Lane",0,0,N/A
610490,"July 23, 2016",Delaware,Wilmington,"1300 West 5th Street",0,1,N/A
611552,"July 23, 2016",Delaware,Wilmington,"3500 block of N. Church St.",0,1,N/A
610513,"July 22, 2016",Delaware,Wilmington,"4021 Kennett Pike",0,0,N/A
606949,"July 18, 2016",Delaware,"New Castle","260 Christiana Road",2,0,N/A
606626,"July 18, 2016",Delaware,Wilmington,"Third Street",1,0,N/A
616174,"July 18, 2016",Delaware,Milford,"Big Stone Beach Road",0,0,N/A
606945,"July 18, 2016",Delaware,Wilmington,"700 block of E 11th St",1,0,N/A
605400,"July 15, 2016",Delaware,Harrington,"Milford Harrington Highway",0,0,N/A
603328,"July 13, 2016",Delaware,Newark,"1300 block of Greentree Rd",0,2,N/A
601519,"July 12, 2016",Delaware,Wilmington,"200 block of W. 23rd St.",0,2,N/A
601526,"July 9, 2016",Delaware,Newark,"First block of Baywatch Road",0,0,N/A
599765,"July 9, 2016",Delaware,Wilmington,"West Fourth and North Jefferson Streets",0,1,N/A
598995,"July 9, 2016",Delaware,"New Castle","600 block of Country Path Dr",1,0,N/A
598988,"July 8, 2016",Delaware,Wilmington,"600 block of W. Sixth St",0,2,N/A
602620,"July 8, 2016",Delaware,Wilmington,N/A,0,2,N/A
597490,"July 6, 2016",Delaware,Bear,"700 block of Red Clay Drive",0,1,N/A
595792,"July 5, 2016",Delaware,Dover,"200 block of Stardust Drive",0,1,N/A
596804,"July 5, 2016",Delaware,Newark,"Raven Turn",0,1,N/A
595796,"July 4, 2016",Delaware,Wilmington,"Sherman Street and Clifford Brown Walk",0,1,N/A
594974,"July 3, 2016",Delaware,Wilmington,"East 10th and Spruce streets",0,1,N/A
594152,"July 2, 2016",Delaware,Wilmington,"300 block of North Lincoln Street",0,1,N/A
594475,"July 2, 2016",Delaware,Wilmington,"221 Chestnut Avenue",2,0,N/A
595786,"July 1, 2016",Delaware,Wilmington,"300 block of E. 5th St.",0,0,N/A
594150,"July 1, 2016",Delaware,Smyrna,"Providence Drive",0,0,N/A
590815,"June 28, 2016",Delaware,Wilmington,"800 block of N. Adams St.",0,1,N/A
589808,"June 27, 2016",Delaware,Newark,"400 block of N Barrett Ln",0,0,N/A
590820,"June 27, 2016",Delaware,Wilmington,"1300 block of N. Walnut St",0,1,N/A
590887,"June 27, 2016",Delaware,Frederica,"S DE-1",1,0,N/A
589790,"June 26, 2016",Delaware,Wilmington,"27th and Moore streets",0,1,N/A
589797,"June 26, 2016",Delaware,Wilmington,"900 block of N Spruce St",1,0,N/A
588086,"June 24, 2016",Delaware,Newark,"2102 Ashkirk Drive",1,0,N/A
586092,"June 22, 2016",Delaware,Wilmington,"Northeast Boulevard and East 30th Street",0,1,N/A
583267,"June 18, 2016",Delaware,Wilmington,"900 block of North Pine Street",1,0,N/A
580848,"June 14, 2016",Delaware,Wilmington,"South Van Buren and Elm streets",0,4,N/A
580558,"June 14, 2016",Delaware,Felton,"50 block of Weatherstone Ln",0,1,N/A
580561,"June 13, 2016",Delaware,Wilmington,"200 block of South Harrison",0,1,N/A
579394,"June 12, 2016",Delaware,Newark,"700 block of Vining's Way",0,2,N/A
579044,"June 11, 2016",Delaware,Wilmington,"1200 block of East 22nd Street",0,1,N/A
576986,"June 10, 2016",Delaware,Wilmington,"1200 block of Oak Street",0,1,N/A
579042,"June 10, 2016",Delaware,Seaford,"Coverdale Road",0,0,N/A
574437,"June 7, 2016",Delaware,Wilmington,"50 block of Jensen Dr",1,0,N/A
574440,"June 6, 2016",Delaware,Wilmington,"800 block of Kirkwood Street",0,1,N/A
573549,"June 5, 2016",Delaware,Wilmington,"Concord Avenue and North Washington Street",0,1,N/A
573554,"June 3, 2016",Delaware,Wilmington,"900 block of Martin Luther King Boulevard",0,0,N/A
570753,"June 2, 2016",Delaware,Wilmington,"Maryland Avenue and Robinson Lane",0,1,N/A
570745,"June 2, 2016",Delaware,Wilmington,"700 block of S. Van Buren St",0,1,N/A
570762,"June 1, 2016",Delaware,Dover,"1000 block of S. Bradford St",0,0,N/A
570770,"May 31, 2016",Delaware,Dover,"1300 block of S. Farmview Drive",0,0,N/A
567481,"May 28, 2016",Delaware,Wilmington,"2600 block of Bowers St",0,1,N/A
567044,"May 26, 2016",Delaware,Dover,"100 block of Cherry Street",0,0,N/A
567023,"May 25, 2016",Delaware,Claymont,"2705 Philadelphia Pike",0,1,N/A
565523,"May 25, 2016",Delaware,Dover,"First block of Webbs Lane",0,1,N/A
567003,"May 25, 2016",Delaware,Claymont,"2705 Philadelphia Pike",0,1,N/A
565535,"May 24, 2016",Delaware,Wilmington,"200 block of S. Harrison Street",0,1,N/A
565538,"May 24, 2016",Delaware,"New Castle","50 block of W Balbach Ave",0,1,N/A
563942,"May 21, 2016",Delaware,Seaford,"22000 block of Coverdale Road",0,0,N/A
562364,"May 19, 2016",Delaware,Wilmington,"900 block of Clifford Brown Walk",1,0,N/A
562367,"May 18, 2016",Delaware,Wilmington,"1600 block of Thatcher St",0,1,N/A
562371,"May 17, 2016",Delaware,Dover,"South Kirkwood and Division streets",0,0,N/A
562088,"May 17, 2016",Delaware,Wilmington,"Beech and South Van Buren Streets",0,1,N/A
561099,"May 16, 2016",Delaware,Wilmington,"1000 block of N. Lombard St.",0,1,N/A
562093,"May 16, 2016",Delaware,Middletown,"Marl Pit Road",0,0,N/A
559908,"May 15, 2016",Delaware,Wilmington,"600 block of W. Sixth St.",0,1,N/A
559898,"May 15, 2016",Delaware,Dover,"Fulton Street",0,1,N/A
559893,"May 14, 2016",Delaware,Dover,"East Water Street and New Castle Avenue",0,1,N/A
557792,"May 11, 2016",Delaware,Milford,"300 Aurora Place",0,1,N/A
556605,"May 9, 2016",Delaware,Wilmington,"N Market St and 23rd St",0,1,N/A
556041,"May 8, 2016",Delaware,Wilmington,"100 block of South Franklin Street",0,1,N/A
822763,"May 7, 2016",Delaware,Dover,"900 block of Janeka Lane",0,1,N/A
556036,"May 7, 2016",Delaware,Wilmington,"North Market and 27th streets",0,2,N/A
556039,"May 7, 2016",Delaware,Wilmington,"W 3rd St and N Rodney St",1,0,N/A
553141,"May 3, 2016",Delaware,Wilmington,"600 block of N. Madison St",0,1,N/A
551677,"May 2, 2016",Delaware,"Wilmington (Edgemoor)","Rysing Dr and N Cannon Dr",0,2,N/A
552527,"May 1, 2016",Delaware,Magnolia,"400 block of West Chestnut Ridge Drive",0,0,N/A
552525,"April 30, 2016",Delaware,Dover,"North DuPont Highway and Lake View Drive",0,0,N/A
552521,"April 29, 2016",Delaware,Dover,"200 block of Acorn Lane",0,0,N/A
549094,"April 26, 2016",Delaware,"New Castle","100 block of Freedom Trail",1,0,N/A
549091,"April 26, 2016",Delaware,Dover,"Queen and Reed streets",0,1,N/A
548254,"April 25, 2016",Delaware,Wilmington,"400 block of Anderson Dr",1,0,N/A
546101,"April 22, 2016",Delaware,Townsend,"500 block of Dogtown Rd",1,0,N/A
546095,"April 21, 2016",Delaware,Wilmington,"400 block of W 3rd St",0,1,N/A
543635,"April 16, 2016",Delaware,Wilmington,"10th and Bennett streets",0,0,N/A
541404,"April 15, 2016",Delaware,Bear,"800 block of Seymour Road",0,1,N/A
544213,"April 14, 2016",Delaware,Magnolia,"100 block of Terry Dr",0,0,N/A
537216,"April 8, 2016",Delaware,"New Castle","Simmonds Drive",0,0,N/A
535119,"April 4, 2016",Delaware,Wilmington,"400 block of Maryland Ave.",0,1,N/A
536112,"April 1, 2016",Delaware,Wilmington,"800 block of N. Pine St.",0,0,N/A
1058478,"April 1, 2016",Delaware,Wilmington,"3806 Governor Printz Blvd",1,1,N/A
532441,"March 30, 2016",Delaware,"New Castle","Centerville Road",0,1,N/A
532432,"March 30, 2016",Delaware,"New Castle","3000 block of New Castle Avenue",0,1,N/A
532430,"March 30, 2016",Delaware,Wilmington,"1100 block of Elm St",1,0,N/A
1102836,"March 30, 2016",Delaware,Dover,"2300 block of Port Mahon Rd",1,0,N/A
530730,"March 28, 2016",Delaware,Dover,"Reese and Lincoln streets",0,0,N/A
530025,"March 28, 2016",Delaware,Wilmington,"12th Street and Northeast Boulevard",0,1,N/A
529968,"March 27, 2016",Delaware,Wilmington,"28th and Market streets",0,1,N/A
529964,"March 27, 2016",Delaware,Wilmington,"2700 block of N. Pine Street",0,1,N/A
530732,"March 27, 2016",Delaware,Harrington,"300 block of Flat Iron Rd",0,1,N/A
528179,"March 23, 2016",Delaware,Dover,"Cecil and New Streets",0,0,N/A
526919,"March 22, 2016",Delaware,Wilmington,"600 block of North Jefferson Street",0,1,N/A
527231,"March 22, 2016",Delaware,Wilmington,"400 block of Porter St.",0,1,N/A
527228,"March 22, 2016",Delaware,Dover,"North Kirkwood Street",0,0,N/A
526128,"March 20, 2016",Delaware,Newark,"268 Cornell Dr",0,0,N/A
525283,"March 19, 2016",Delaware,Wilmington,"300 block of New Castle Ave",0,1,N/A
1065973,"March 17, 2016",Delaware,Wilmington,"200 block of Franklin St",0,1,N/A
524869,"March 17, 2016",Delaware,Wilmington,"200 block of N Connell St",1,0,N/A
531400,"March 16, 2016",Delaware,Wilmington,"1100 block of Lorewood Grove Road",0,0,N/A
523430,"March 16, 2016",Delaware,Wilmington,"800 block of Morrow St.",0,1,N/A
523437,"March 15, 2016",Delaware,Wilmington,"Ninth and Spruce streets",0,1,N/A
523433,"March 15, 2016",Delaware,Wilmington,"1100 block of Lancaster Avenue",0,1,N/A
523435,"March 14, 2016",Delaware,Wilmington,"11th and Clifford Brown Walk",0,1,N/A
521616,"March 12, 2016",Delaware,Wilmington,"400 block of W. Seventh Street",0,1,N/A
521063,"March 11, 2016",Delaware,Wilmington,"600 block of Taylor St",1,0,N/A
532446,"March 10, 2016",Delaware,Dover,"100 block of Westover Drive",0,0,N/A
520100,"March 10, 2016",Delaware,Wilmington,"900 block of Bennett St",0,1,N/A
521964,"March 10, 2016",Delaware,Dover,"S. New and Division streets",0,0,N/A
520108,"March 9, 2016",Delaware,"New Castle","100 block of Covington Place",0,1,N/A
519243,"March 8, 2016",Delaware,Wilmington,"50 block of Gordon St",1,0,N/A
519246,"March 8, 2016",Delaware,Wilmington,"Taylor and Bennett streets",0,1,N/A
518862,"March 7, 2016",Delaware,Wilmington,"Seventh and Franklin streets",1,0,N/A
516723,"March 4, 2016",Delaware,Wilmington,"1200 block of West 7th Street",1,0,N/A
516407,"March 3, 2016",Delaware,Wilmington,"500 block of W. 6th St.",0,1,N/A
516182,"March 3, 2016",Delaware,Dover,"257 N Dupont Hwy",0,0,N/A
516172,"March 3, 2016",Delaware,Wilmington,"500 block of West 6th Street",0,1,N/A
516003,"March 2, 2016",Delaware,Wilmington,"2100 block of Pine Street",0,0,N/A
514968,"March 1, 2016",Delaware,Wilmington,"2900 block of Jessup Street",0,1,N/A
513141,"February 28, 2016",Delaware,"New Castle","50 block of Oakmont Dr",0,1,N/A
513121,"February 27, 2016",Delaware,Wilmington,"2100 block of North Pine Street",0,1,N/A
513484,"February 27, 2016",Delaware,Newark,"4140 Ogletown-Stanton Road",0,0,N/A
513119,"February 27, 2016",Delaware,Newark,"16 Chatham Ln",1,0,N/A
512682,"February 26, 2016",Delaware,Wilmington,"1000 block of North Pine Street",1,0,N/A
512687,"February 26, 2016",Delaware,Wilmington,"Shearman Street",0,1,N/A
512685,"February 26, 2016",Delaware,Wilmington,"800 block of North Pine Street",0,1,N/A
512332,"February 25, 2016",Delaware,Dover,"200 block of S. Governors Boulevard",1,0,N/A
510725,"February 23, 2016",Delaware,Wilmington,"200 block of North Madison Street",0,0,N/A
509438,"February 21, 2016",Delaware,Dover,"West Reed Street",0,1,N/A
508827,"February 20, 2016",Delaware,Dover,"316 Fulton Street",0,0,N/A
508832,"February 20, 2016",Delaware,Wilmington,"Madison Street",0,1,N/A
508052,"February 19, 2016",Delaware,Wilmington,"1900 block of Maryland Avenue",0,2,N/A
507527,"February 18, 2016",Delaware,Wilmington,"1300 block of Clifford Brown Walk",0,1,N/A
506140,"February 16, 2016",Delaware,Newark,"750 East Delaware Avenue",0,0,N/A
504897,"February 13, 2016",Delaware,Wilmington,"1700 block of West Second Street",0,1,N/A
504411,"February 12, 2016",Delaware,Wilmington,"300 block of Clyde Street",1,1,N/A
503693,"February 10, 2016",Delaware,Wilmington,"200 block of W. 30th St.",0,0,N/A
503690,"February 9, 2016",Delaware,Wilmington,"1100 block of Linden Street",0,0,N/A
503687,"February 9, 2016",Delaware,Wilmington,"200 block of West 29th Street",0,0,N/A
502411,"February 8, 2016",Delaware,Wilmington,"1100 block of W. Second St.",0,1,N/A
502159,"February 8, 2016",Delaware,"New Castle","128 N Dupont Hwy",1,0,N/A
502414,"February 7, 2016",Delaware,Bridgeville,"Apple Tree Road",0,0,N/A
502418,"February 5, 2016",Delaware,Wilmington,"Hay Road",0,0,N/A
500577,"February 3, 2016",Delaware,Dover,"Barrister Place",0,0,N/A
497655,"January 29, 2016",Delaware,Dover,"800 block of Lincoln Street",0,0,N/A
893697,"January 28, 2016",Delaware,Wilmington,"25th Street",0,0,N/A
495247,"January 28, 2016",Delaware,Wilmington,"2500 block of West Street",0,0,N/A
494253,"January 27, 2016",Delaware,"New Castle","Wilton Blvd",0,1,N/A
494245,"January 26, 2016",Delaware,Wilmington,"2200 block of Jessup Street",0,1,N/A
495252,"January 25, 2016",Delaware,Wilmington,"West 36th Street",0,0,N/A
490623,"January 21, 2016",Delaware,Dover,"Greenhill Avenue and White Oak Road",0,0,N/A
490842,"January 20, 2016",Delaware,Wilmington,"27th Street and Bowers Street",0,0,N/A
485185,"January 13, 2016",Delaware,Wilmington,"1200 block of N. Locust St",1,0,N/A
484383,"January 12, 2016",Delaware,Dover,"211 Delaware Avenue",0,0,N/A
483750,"January 11, 2016",Delaware,Wilmington,"900 block of Brown Street",1,4,N/A
483758,"January 11, 2016",Delaware,Wilmington,"1800 block of West Second Street",0,1,N/A
484462,"January 8, 2016",Delaware,Dover,"2600 block of South State Street",0,0,N/A
480933,"January 7, 2016",Delaware,Bridgeville,"2000 block of Conrail Street",1,0,N/A
482083,"January 7, 2016",Delaware,Bridgeville,"2000 block of Conrail Road",0,0,N/A
481062,"January 7, 2016",Delaware,Dover,"Churchmans Road",0,0,N/A
478192,"January 3, 2016",Delaware,Wilmington,"600 block of West Fifth St.",0,1,N/A
478185,"January 3, 2016",Delaware,Newark,"50 block of Mercer Dr",0,1,N/A
477725,"January 2, 2016",Delaware,"Wilmington (Edgemoor)","South Cannon Drive",0,0,N/A
476209,"December 30, 2015",Delaware,Middletown,"300 block of Jefferson Street",0,3,N/A
476203,"December 30, 2015",Delaware,Newark,"4126 Ogletown Stanton Road",0,1,N/A
474562,"December 28, 2015",Delaware,Wilmington,"Concord Avenue and Jefferson Street",0,1,N/A
473312,"December 27, 2015",Delaware,Wilmington,"North Broom Street and West Third Street",0,2,N/A
473295,"December 27, 2015",Delaware,Dover,"801 N Dupont Hwy",0,1,N/A
474086,"December 27, 2015",Delaware,Newark,"Kirkwood Highway and Wollaston Avenue",0,0,N/A
474083,"December 27, 2015",Delaware,Wilmington,"East 23rd and Lamotte Streets",1,1,N/A
472684,"December 26, 2015",Delaware,Lincoln,"21000 block of West Mayhew Drive",0,1,N/A
474081,"December 23, 2015",Delaware,Wilmington,"Gov. Printz Boulevard",0,1,N/A
472068,"December 23, 2015",Delaware,Wilmington,"1100 block of Beech Street",0,1,N/A
469319,"December 21, 2015",Delaware,Claymont,"749 Montclair Drive",0,1,N/A
470080,"December 21, 2015",Delaware,Wilmington,"East 23rd Street",1,0,N/A
472043,"December 21, 2015",Delaware,Dover,"1502 E Lebanon Rd",0,0,N/A
469061,"December 20, 2015",Delaware,Wilmington,"Locust and East 23rd Streets",0,1,N/A
470073,"December 20, 2015",Delaware,"Millsboro (Long Neck)","34000 block of Starboard Court",0,0,N/A
470070,"December 20, 2015",Delaware,Wilmington,"1000 block of West Fourth Street",0,1,N/A
469301,"December 18, 2015",Delaware,Bear,"100 block of Hawk Drive",0,1,N/A
467928,"December 17, 2015",Delaware,Laurel,"Sussex Highway",0,0,N/A
467899,"December 17, 2015",Delaware,Wilmington,"2300 block of N Monroe St",0,1,N/A
467937,"December 17, 2015",Delaware,Newark,"300 block of Salem Church Road",0,1,N/A
468290,"December 15, 2015",Delaware,Dover,"South Little Creek Road",0,0,N/A
466078,"December 15, 2015",Delaware,"New Castle","100 block of Freedom Trail",0,1,N/A
467939,"December 13, 2015",Delaware,Dover,"779 North DuPont Highway",0,0,N/A
466085,"December 11, 2015",Delaware,Wilmington,"1300 block of Read St.",0,1,N/A
463944,"December 10, 2015",Delaware,Dover,"Village Drive",0,1,N/A
463619,"December 9, 2015",Delaware,Wilmington,"West Fourth Street",0,0,N/A
467901,"December 9, 2015",Delaware,Wilmington,"2200 block of North Market Street",0,1,N/A
467894,"December 8, 2015",Delaware,Georgetown,"Park Avenue",0,0,N/A
467903,"December 5, 2015",Delaware,Wilmington,"2500 block of Bowers Street",0,1,N/A
459713,"December 3, 2015",Delaware,Wilmington,"2702 Jacqueline Dr",1,0,N/A
459928,"December 3, 2015",Delaware,Dover,"Cecil and New",0,0,N/A
457165,"December 1, 2015",Delaware,Wilmington,"700 block of E. 22nd St.",1,0,N/A
455263,"November 29, 2015",Delaware,Frederica,"Johnny Cake Landing Road",0,2,N/A
455268,"November 28, 2015",Delaware,Wilmington,"2700 block of Northeast Boulevard",0,1,N/A
454440,"November 27, 2015",Delaware,Bear,"1921 Pulaski Hwy",1,0,N/A
454286,"November 26, 2015",Delaware,"New Castle","3000 block of New Castle Ave",0,0,N/A
454301,"November 25, 2015",Delaware,Wilmington,"2500 block of Carter Street",0,1,N/A
453108,"November 24, 2015",Delaware,Bear,"Brookmont Dr and Pulaski Hwy",0,0,N/A
453110,"November 23, 2015",Delaware,Dover,"200 block of South New Street",0,0,N/A
450860,"November 20, 2015",Delaware,Wilmington,"W 20th St and N West St",0,1,N/A
450852,"November 18, 2015",Delaware,Newark,"100 Mcintosh Plaza",0,0,N/A
450616,"November 17, 2015",Delaware,Dover,"Lincoln Street and Gibbs Drive",0,0,N/A
448724,"November 16, 2015",Delaware,Dover,"White Oak Road and Frear Drive",0,0,N/A
1274281,"November 16, 2015",Delaware,Wilmington,"1031 S Market St",1,0,N/A
447533,"November 13, 2015",Delaware,Claymont,"Harvey Road and Garfield Avenue",1,0,N/A
447061,"November 13, 2015",Delaware,Harrington,"West Center Street",0,0,N/A
445591,"November 10, 2015",Delaware,"Wilmington (Edgemoor)","Philadelphia Pk and Beeson Ave",0,0,N/A
441709,"November 3, 2015",Delaware,Wilmington,"900 block of Maryland Avenue",0,1,N/A
440963,"November 2, 2015",Delaware,Wilmington,"3rd and North Harrison Street",0,2,N/A
441729,"November 2, 2015",Delaware,Dover,"Beechwood Avenue",0,1,N/A
441713,"November 2, 2015",Delaware,Wilmington,"South Heald and Lobdell street",0,1,N/A
441711,"November 2, 2015",Delaware,Wilmington,"Taylor and Kirkwood",0,1,N/A
440528,"November 1, 2015",Delaware,Wilmington,"10th and Bennett Streets",0,2,N/A
440048,"October 31, 2015",Delaware,Dover,"1131 N Dupont Hwy",0,1,N/A
440114,"October 31, 2015",Delaware,Milford,"100 block of West St.",0,0,N/A
443068,"October 29, 2015",Delaware,Wilmington,"1801 Milltown Road",0,0,N/A
438800,"October 28, 2015",Delaware,Felton,"Barney Jenkins Rd and S DuPont Hwy",0,0,N/A
437693,"October 27, 2015",Delaware,Wilmington,"1300 block of Lancaster Avenue",0,2,N/A
437889,"October 27, 2015",Delaware,Wilmington,"1800 block of Prospect Rd",0,1,N/A
437703,"October 25, 2015",Delaware,Laurel,"County Seat Highway",0,1,N/A
435563,"October 22, 2015",Delaware,Wilmington,"800 block of Vanever Avenue",0,3,N/A
434682,"October 21, 2015",Delaware,Dover,"South Du Pont Highway and Martin Luther King Jr. Boulevard",0,0,N/A
434668,"October 21, 2015",Delaware,Wilmington,"800 block of Spruce St.",0,1,N/A
434684,"October 20, 2015",Delaware,Wilmington,"100 block of Lower Oak St.",1,0,N/A
434676,"October 19, 2015",Delaware,"New Castle","1300 block of W. Fourth St.",0,0,N/A
432165,"October 17, 2015",Delaware,Dover,"1400 John Clark Road",2,1,N/A
431669,"October 15, 2015",Delaware,Wilmington,"900 W. Eighth St",0,0,N/A
431490,"October 15, 2015",Delaware,Wilmington,"West 27th and Tatnall Streets",0,1,N/A
430941,"October 14, 2015",Delaware,Wilmington,"Claymont Street",0,1,N/A
430929,"October 14, 2015",Delaware,Wilmington,"300 block of N Monroe St",1,0,N/A
430932,"October 14, 2015",Delaware,Wilmington,"West Third and North Lincoln Streets",0,3,N/A
430936,"October 13, 2015",Delaware,Wilmington,"900 block of Buyer Street",0,0,N/A
429644,"October 11, 2015",Delaware,"New Castle","50 block of Oakmont Dr",0,1,N/A
429813,"October 11, 2015",Delaware,"New Castle","Oakmont Drive",0,1,N/A
429806,"October 11, 2015",Delaware,Middletown,"Greenlawn Boulevard",0,0,N/A
430596,"October 6, 2015",Delaware,Dover,"West Division and North Queen Streets",0,0,N/A
426731,"October 5, 2015",Delaware,Wilmington,"Bennett and East Eighth streets",0,1,N/A
426769,"October 5, 2015",Delaware,Wilmington,"100 block of W. 27th St.",0,1,N/A
425419,"October 5, 2015",Delaware,Wilmington,"300 block of E. 14th St.",0,1,N/A
426733,"October 4, 2015",Delaware,"New Castle","30 Highland Blvd",0,0,N/A
424405,"October 2, 2015",Delaware,Dover,"400 Barrister Place",1,0,N/A
424430,"October 2, 2015",Delaware,Newark,"1-29 E Cleveland Ave",0,1,N/A
424341,"October 1, 2015",Delaware,Wilmington,"West 28th and North West",0,1,N/A
424630,"October 1, 2015",Delaware,Wilmington,"E. 23rd St.",0,1,N/A
422728,"September 29, 2015",Delaware,Dover,"Fulton Street",0,1,N/A
421473,"September 27, 2015",Delaware,Wilmington,"600 block of N. Jefferson St.",0,1,N/A
421470,"September 27, 2015",Delaware,Wilmington,"1000 block of S. Market St.",0,1,N/A
420034,"September 24, 2015",Delaware,"New Castle","Jensen Drive",0,1,N/A
420027,"September 24, 2015",Delaware,Bear,"Pulaski Highway",0,1,N/A
419319,"September 23, 2015",Delaware,Wilmington,"Tulip and South Scott streets",1,0,N/A
415920,"September 18, 2015",Delaware,Wilmington,"4th and N. Van Buren",0,0,N/A
415911,"September 16, 2015",Delaware,"New Castle","100 Wildfire Lane",0,0,N/A
415295,"September 16, 2015",Delaware,Bear,"100 block of Wimbledon Court",0,0,N/A
412222,"September 10, 2015",Delaware,Wilmington,"4th and Lombard Streets",0,1,N/A
411604,"September 9, 2015",Delaware,Wilmington,"500 block of E. Ninth Street",0,1,N/A
411596,"September 8, 2015",Delaware,Dover,"Kent Avenue and Water Street",0,0,N/A
410901,"September 8, 2015",Delaware,Wilmington,"Pennsylvania Avenue and North Van Buren Street",0,0,N/A
410388,"September 7, 2015",Delaware,Claymont,"Ridge Road",0,1,N/A
410386,"September 7, 2015",Delaware,Wilmington,"600 block of W. Sixth St.",1,0,N/A
410390,"September 6, 2015",Delaware,Felton,"1000 block of Cabin Ridge Road",1,0,N/A
409031,"September 5, 2015",Delaware,Wilmington,"600 block of N. Monroe St.",0,1,N/A
408928,"September 4, 2015",Delaware,Dover,N/A,0,1,N/A
408921,"September 4, 2015",Delaware,Wilmington,"800 block of W. Third St",0,0,N/A
408418,"September 3, 2015",Delaware,Dover,"1019 Walker Road",0,0,N/A
408409,"September 3, 2015",Delaware,Wilmington,"North Madison Street and West 24th Street",0,1,N/A
408407,"September 3, 2015",Delaware,Wilmington,"West 25th Street and North Market Street",0,1,N/A
405510,"September 1, 2015",Delaware,Wilmington,"Gordon and Lamotte streets",0,1,N/A
404153,"August 30, 2015",Delaware,"Ocean View","37000 block of Muddy Neck Road",0,1,N/A
502948,"August 30, 2015",Delaware,"Ocean View (Oceanview)","37000 block of Muddy Neck Road",0,1,N/A
405005,"August 29, 2015",Delaware,Laurel,"West Eighth Street",0,0,N/A
404399,"August 29, 2015",Delaware,Wilmington,"1200 block of Vandever Ave",0,1,N/A
404397,"August 29, 2015",Delaware,Wilmington,"West Sixth Street",0,1,N/A
405527,"August 28, 2015",Delaware,Dover,"Webbs Lane",0,1,N/A
405517,"August 28, 2015",Delaware,Milford,"300 Aurora Pl",0,0,N/A
403519,"August 28, 2015",Delaware,Wilmington,"Delamore Place",0,0,N/A
403517,"August 28, 2015",Delaware,Dover,"100 block of New Street",0,1,N/A
402512,"August 24, 2015",Delaware,Hockessin,"Saint Clair Dr",1,0,N/A
399627,"August 22, 2015",Delaware,Claymont,"Harvey Rd and Jackson Ave",0,1,N/A
399162,"August 21, 2015",Delaware,Wilmington,"200 block of North Monroe Street",0,1,N/A
399158,"August 21, 2015",Delaware,Wilmington,"200 block of Delamore Place",0,1,N/A
402485,"August 21, 2015",Delaware,Dover,"South Governors Avenue",0,0,N/A
397955,"August 18, 2015",Delaware,Wilmington,"500 block of Vandever Ave.",0,1,N/A
396949,"August 18, 2015",Delaware,Wilmington,"700 block of Townsend Place",0,1,N/A
396674,"August 17, 2015",Delaware,Wilmington,"10th and Bennett Streets",0,1,N/A
396668,"August 16, 2015",Delaware,Wilmington,"West 6th and Madison Streets",0,1,N/A
395924,"August 15, 2015",Delaware,Wilmington,"North Locust Street",0,1,N/A
395926,"August 15, 2015",Delaware,Wilmington,"800 block of Vandever Ave",1,0,N/A
394815,"August 13, 2015",Delaware,Wilmington,"West Second Street and North Madison Street",0,1,N/A
394813,"August 13, 2015",Delaware,Wilmington,"Pleasant Street and North Van Buren Street",0,1,N/A
394819,"August 12, 2015",Delaware,Wilmington,"17th and Thatcher Streets",0,0,N/A
394829,"August 12, 2015",Delaware,Newark,"200 block of Warfield Rd",0,0,N/A
391450,"August 10, 2015",Delaware,Wilmington,"400 block of W. 7th Street",1,2,N/A
394253,"August 10, 2015",Delaware,Dover,"1210 White Oak Road",0,1,N/A
394251,"August 10, 2015",Delaware,Dover,"Manchester Square and Stevenson Drive",0,0,N/A
393978,"August 9, 2015",Delaware,Dover,"652 North DuPont Highway",0,0,N/A
391403,"August 9, 2015",Delaware,Lincoln,"21000 block of W. Mayhew Dr.",0,2,N/A
394248,"August 9, 2015",Delaware,Wilmington,"2400 block of North Tatnall Street",0,1,N/A
393966,"August 8, 2015",Delaware,Dover,"500 Persimmon Tree Ln",0,1,N/A
390405,"August 8, 2015",Delaware,Milford,"500 block of N Walnut St",1,0,N/A
390146,"August 7, 2015",Delaware,Wilmington,"2400 block of Carter Street",0,1,N/A
389585,"August 6, 2015",Delaware,Dagsboro,"28000 block of East Diamond Dr",0,0,N/A
385271,"July 31, 2015",Delaware,Claymont,"Pennsylvania Avenue and Mansion Avenue",0,1,N/A
385093,"July 30, 2015",Delaware,"Rehoboth Beach","300 block of Rehoboth Ave",0,0,N/A
383572,"July 29, 2015",Delaware,"New Castle","300 block of Martin Drive",1,1,N/A
383564,"July 29, 2015",Delaware,Wilmington,"777 Delaware Park Blvd",0,1,N/A
389589,"July 28, 2015",Delaware,"New Castle","300 block of of Martin Dr",1,1,N/A
383055,"July 25, 2015",Delaware,Newark,"First block of Raven Turn",0,0,N/A
383051,"July 24, 2015",Delaware,Wilmington,"800 block of of W. Ninth St.",0,0,N/A
381692,"July 24, 2015",Delaware,Wilmington,"2501 Newport Gap Pike",0,1,N/A
381203,"July 24, 2015",Delaware,Claymont,"4th Avenue",0,1,N/A
381085,"July 23, 2015",Delaware,Wilmington,"West Fourth and Washington Streets",1,0,N/A
385084,"July 22, 2015",Delaware,Wilmington,"500 block of N. Madison St",0,1,N/A
379387,"July 22, 2015",Delaware,Wilmington,"900 block of Maryland Ave",0,1,N/A
379382,"July 22, 2015",Delaware,Wilmington,"500 block of North Madison St",0,1,N/A
381205,"July 22, 2015",Delaware,Dover,"400 block of Sussex Avenue",0,0,N/A
379390,"July 21, 2015",Delaware,Wilmington,"Chestnut and South Franklin streets",0,1,N/A
378653,"July 21, 2015",Delaware,Wilmington,"2400 block of Carter St",0,1,N/A
379384,"July 21, 2015",Delaware,Bear,"20 block of Monferrato Ct",2,0,N/A
378645,"July 20, 2015",Delaware,Wilmington,"800 block of Vandever Ave",0,0,N/A
376804,"July 18, 2015",Delaware,Wilmington,"Concord Avenue and North Washington",0,2,N/A
377414,"July 18, 2015",Delaware,Wilmington,"100 block of N. Clayton St",0,1,N/A
376126,"July 16, 2015",Delaware,Dover,"400 block of New Castle Avenue",0,0,N/A
376116,"July 16, 2015",Delaware,Wilmington,"Lancaster Avenue and Du Pont Street",1,0,N/A
1267751,"July 15, 2015",Delaware,Wilmington,"1800 block of Foulk Rd",0,0,N/A
375307,"July 14, 2015",Delaware,Wilmington,"400 block of S. Madison St",0,1,N/A
373963,"July 13, 2015",Delaware,"Wilmington (Edgemoor)",N/A,0,1,N/A
373968,"July 13, 2015",Delaware,Dover,"900 block of W. North St.",1,0,N/A
372149,"July 11, 2015",Delaware,Wilmington,"2300 block of Baynard Blvd.",0,1,N/A
372147,"July 10, 2015",Delaware,Wilmington,"100 block of S. Franklin Street",0,1,N/A
372085,"July 9, 2015",Delaware,Wilmington,"1300 block of West 6th Street",0,0,N/A
371231,"July 8, 2015",Delaware,Wilmington,"100 block of N. Van Buren St.",0,1,N/A
372083,"July 8, 2015",Delaware,Wilmington,"37012 Country Club Road",0,0,N/A
371229,"July 8, 2015",Delaware,Newark,"Finch Way",0,0,N/A
370471,"July 7, 2015",Delaware,Wilmington,"10th and Spruce streets",0,1,N/A
372137,"July 7, 2015",Delaware,"Rehoboth Beach","37000 block of Country Club Road",0,0,N/A
369883,"July 6, 2015",Delaware,Wilmington,"Sixth and Madison Streets",0,1,N/A
369880,"July 6, 2015",Delaware,Dover,"N. New St.",0,1,N/A
369877,"July 6, 2015",Delaware,Seaford,"Tull Drive",0,2,N/A
369875,"July 6, 2015",Delaware,Wilmington,"1400 block of W. Second St.",0,0,N/A
367923,"July 2, 2015",Delaware,Wilmington,"603 Philadelphia Pike",0,0,N/A
367377,"July 2, 2015",Delaware,Middletown,"100 block of St. Augustine Court",0,0,N/A
367379,"July 1, 2015",Delaware,Wilmington,"900 block of N. Jefferson St.",0,0,N/A
366806,"June 30, 2015",Delaware,Wilmington,"600 block of N. Broom St",1,0,N/A
366798,"June 29, 2015",Delaware,Wilmington,"2900 block of N. Washington St",1,0,N/A
366802,"June 29, 2015",Delaware,Wilmington,"400 block of S. Heald St.",0,0,N/A
365399,"June 28, 2015",Delaware,Harrington,"100 block of East St",0,6,N/A
365284,"June 26, 2015",Delaware,Newark,"Penman Seventy 6 Dr and Sandburg Pl",0,1,N/A
363188,"June 23, 2015",Delaware,Wilmington,"600 block of N. Broom St",0,1,N/A
363190,"June 22, 2015",Delaware,Bear,"100 block of Wimbledon Court",0,1,N/A
358520,"June 15, 2015",Delaware,"New Castle","3 Memorial Dr",0,1,N/A
358523,"June 14, 2015",Delaware,Wilmington,"600 block of North Jefferson Street",1,0,N/A
360629,"June 14, 2015",Delaware,Milford,"100 block of NW Front St",0,0,N/A
358525,"June 13, 2015",Delaware,Magnolia,"300 block of Marshview Terrace",0,2,N/A
360627,"June 13, 2015",Delaware,Dover,"500 block of South Dupont Highway",0,0,N/A
356044,"June 10, 2015",Delaware,Wilmington,"100 block of N. Connell St",0,1,N/A
356047,"June 9, 2015",Delaware,Wilmington,"100 block of Delamore Place",0,1,N/A
354415,"June 7, 2015",Delaware,Dover,"100 block of S. New St.",0,0,N/A
353182,"June 6, 2015",Delaware,Dover,"South Little Creek Road",0,2,N/A
353180,"June 6, 2015",Delaware,Dover,"1131 N Dupont Hwy",0,1,N/A
351832,"June 2, 2015",Delaware,Wilmington,"West Fourth and Delamore Streets",0,1,N/A
352594,"June 2, 2015",Delaware,Dover,"200 block of Frear Drive",0,0,N/A
352588,"June 2, 2015",Delaware,"New Castle","Powhaten Road",0,2,N/A
350696,"June 1, 2015",Delaware,Wilmington,"500 block of E. 10th St.",0,0,N/A
351825,"June 1, 2015",Delaware,Wilmington,"100 block of North Broom Street",0,1,N/A
351823,"June 1, 2015",Delaware,Wilmington,"Bedford Drive",0,1,N/A
352592,"June 1, 2015",Delaware,Dover,"200 block of N. Kirkwood St.",0,1,N/A
350667,"May 31, 2015",Delaware,Wilmington,"3900 block of Lancaster Ave.",0,3,N/A
352844,"May 31, 2015",Delaware,Dover,"100 block of Madison Court",0,0,N/A
350659,"May 31, 2015",Delaware,"Port Penn","W. Market St.",1,0,N/A
351817,"May 30, 2015",Delaware,Wilmington,"200 block of North Broom Street",0,0,N/A
350648,"May 30, 2015",Delaware,Wilmington,"700 block of N. Washington Street",0,1,N/A
349697,"May 29, 2015",Delaware,"New Castle","Christiana Road",0,0,N/A
349078,"May 29, 2015",Delaware,Wilmington,"South Broom Street",0,1,N/A
350687,"May 29, 2015",Delaware,Claymont,"600 block of Naamans Road",0,0,N/A
349197,"May 28, 2015",Delaware,Newark,"750 E. Delaware Ave.",0,0,N/A
347448,"May 27, 2015",Delaware,"Wilmington (Elsmere)","100 block of Brookside Avenue",1,0,N/A
347474,"May 26, 2015",Delaware,Townsend,"3900 block of South Du Pont Highway",0,1,N/A
394224,"May 26, 2015",Delaware,Townsend,"3900 block of DuPont Pkwy",0,2,N/A
347450,"May 25, 2015",Delaware,Wilmington,"1900 block of West Street",0,1,N/A
345589,"May 23, 2015",Delaware,Wilmington,"N Spruce St and Taylor St",0,1,N/A
345218,"May 23, 2015",Delaware,Wilmington,N/A,0,1,N/A
344293,"May 20, 2015",Delaware,Wilmington,"600 block of N. Madison St.",0,1,N/A
343453,"May 19, 2015",Delaware,Wilmington,"12th Street and Northeast Boulevard",0,1,N/A
343085,"May 18, 2015",Delaware,Dover,"1000 block of S. Little Creek Road",0,1,N/A
340873,"May 15, 2015",Delaware,Dover,"East Water Street and Sussex Avenue",0,1,N/A
352960,"May 15, 2015",Delaware,Dover,"Sussex Ave",0,1,N/A
340216,"May 13, 2015",Delaware,Dover,"Harmony Lane",1,0,N/A
340206,"May 13, 2015",Delaware,Bear,"100 block of Antlers Lane",1,0,N/A
349195,"May 13, 2015",Delaware,Wilmington,"800 block of W. Third St.",0,1,N/A
337796,"May 9, 2015",Delaware,Wilmington,"1000 block of S. Market St.",0,0,N/A
337433,"May 8, 2015",Delaware,Newark,"Stanton-Christiana Road",0,0,N/A
333262,"May 2, 2015",Delaware,Smyrna,"Malvern Lane",1,0,N/A
332829,"April 30, 2015",Delaware,Dover,N/A,1,0,N/A
331185,"April 28, 2015",Delaware,Dover,"100 block of South Queen Street",0,1,N/A
331459,"April 28, 2015",Delaware,Wilmington,"600 block of W. Sixth St.",1,1,N/A
331182,"April 27, 2015",Delaware,Wilmington,"Concord Avenue and West Street",0,0,N/A
329802,"April 26, 2015",Delaware,Wilmington,"400 block of Maryland Avenue",0,1,N/A
330310,"April 26, 2015",Delaware,Magnolia,"400 block of Lambert Drive",0,0,N/A
330301,"April 26, 2015",Delaware,Dover,"N. New St.",1,0,N/A
330306,"April 26, 2015",Delaware,"New Castle","100 block of Carvel Ave",0,0,N/A
328172,"April 22, 2015",Delaware,Dover,"89 Kings Highway",0,0,N/A
328734,"April 22, 2015",Delaware,Smyrna,"SR 1",0,0,N/A
341571,"April 19, 2015",Delaware,Dover,"1200 N Dupont Hwy",0,0,N/A
325516,"April 18, 2015",Delaware,Dover,"430 State College Road",0,3,N/A
324265,"April 16, 2015",Delaware,Wilmington,"7th and West Streets",0,0,N/A
323994,"April 15, 2015",Delaware,Wilmington,"800 block of Kirkwood Street",0,1,N/A
323323,"April 14, 2015",Delaware,Wilmington,"W 27th St",1,0,N/A
328177,"April 14, 2015",Delaware,Milford,"400 block of East Street",0,0,N/A
323131,"April 13, 2015",Delaware,Wilmington,"800 block of Vandever Avenue",0,0,N/A
318991,"April 6, 2015",Delaware,Wilmington,"700 block of Townsend Place",0,1,N/A
318989,"April 6, 2015",Delaware,Newark,"Kimberton Drive",0,1,N/A
325014,"April 4, 2015",Delaware,Wilmington,"200 block of N Monroe St",1,1,N/A
318090,"April 4, 2015",Delaware,Wilmington,"Second and Madison Streets",1,1,N/A
317576,"April 3, 2015",Delaware,Bridgeville,"Oak and Sanfilippo Roads",1,0,N/A
317126,"April 3, 2015",Delaware,Wilmington,"West Seventh Street",0,1,N/A
317123,"April 3, 2015",Delaware,Wilmington,"1031 S. Market St.",0,1,N/A
317006,"April 1, 2015",Delaware,Dover,"300 block of W. Division St.",0,0,N/A
316467,"April 1, 2015",Delaware,Wilmington,"200 block of N. Scott St.",0,1,N/A
316021,"March 31, 2015",Delaware,Wilmington,"Lancaster Avenue and Delamore Place",0,1,N/A
313749,"March 27, 2015",Delaware,Dover,"North Governors Avenue",0,0,N/A
316027,"March 27, 2015",Delaware,Dover,"Queen and Cecil Streets",0,0,N/A
313978,"March 27, 2015",Delaware,Wilmington,"South Franklin and Linden Streets",0,1,N/A
313981,"March 27, 2015",Delaware,Magnolia,"Grays Ln",1,0,N/A
314910,"March 27, 2015",Delaware,Wilmington,"Bethel Road",0,0,N/A
313202,"March 25, 2015",Delaware,Claymont,"3300 Brandywine Parkway",0,1,N/A
313184,"March 25, 2015",Delaware,Wilmington,"400 block of N. Rodney St.",0,0,N/A
312779,"March 24, 2015",Delaware,Wilmington,"600 block of W. 4th St.",0,1,N/A
312308,"March 24, 2015",Delaware,Wilmington,"5500 block of Heritage Court Dr",0,0,N/A
311188,"March 22, 2015",Delaware,"New Castle","Moores Lane",0,2,N/A
310731,"March 21, 2015",Delaware,Wilmington,"6th and N. Jefferson Streets",0,1,N/A
310226,"March 20, 2015",Delaware,Delmar,"10000 block of Bacons Road",0,0,N/A
308378,"March 16, 2015",Delaware,Dover,"Daniel Rodney Drive and David Hall Road",0,1,N/A
305177,"March 12, 2015",Delaware,Wilmington,"Second and North Scott streets",0,1,N/A
304724,"March 9, 2015",Delaware,Dover,"200 block of N. Du Pont Highway",0,1,N/A
303132,"March 8, 2015",Delaware,"New Castle","I-495 and US-13",1,1,N/A
304709,"March 8, 2015",Delaware,Newark,"300 block of Delaware Circle",0,0,N/A
303119,"March 8, 2015",Delaware,Claymont,"600 block of Naamans Road",1,0,N/A
303144,"March 7, 2015",Delaware,Dover,"1426 N Dupont Hwy",0,1,N/A
303137,"March 7, 2015",Delaware,Dover,"100 block of S. Little Creek Road",0,0,N/A
301062,"March 2, 2015",Delaware,Sussex,"35000 block of Spruce Road",0,0,N/A
299872,"March 1, 2015",Delaware,Wilmington,"22nd and Spruce",0,1,N/A
299868,"February 28, 2015",Delaware,Dover,"First block of Webbs Lane",0,0,N/A
299292,"February 27, 2015",Delaware,Dover,"River Road and E. Water Street",0,0,N/A
299103,"February 26, 2015",Delaware,Wilmington,"1200 block of Elm St.",0,0,N/A
297290,"February 24, 2015",Delaware,"New Castle","Wilmington Road and East Sixth St.",0,0,N/A
297008,"February 23, 2015",Delaware,Wilmington,"1300 block of French St.",0,0,N/A
296397,"February 23, 2015",Delaware,Wilmington,"South Heald and Lobdell streets",0,1,N/A
297018,"February 21, 2015",Delaware,Wilmington,"1200 block of N. Union St.",0,0,N/A
294274,"February 16, 2015",Delaware,Wilmington,"E 24th St and Carter St",1,0,N/A
294296,"February 16, 2015",Delaware,"New Castle","19 Lambson Ln",1,0,N/A
294819,"February 14, 2015",Delaware,Townsend,"600 block of Marilyn Ct",1,0,N/A
293089,"February 13, 2015",Delaware,Wilmington,"400 block of North Madison Street",0,0,N/A
293094,"February 12, 2015",Delaware,Newark,"400 block of Kemper Dr",0,1,N/A
291798,"February 11, 2015",Delaware,Wilmington,"Seventh and North Washington streets",0,1,N/A
293097,"February 11, 2015",Delaware,"New Castle","Amstel Drive",1,0,N/A
293354,"February 10, 2015",Delaware,Dover,"Stevenson Drive",0,0,N/A
291800,"February 10, 2015",Delaware,Wilmington,"200 block of Delamore Place",0,0,N/A
291380,"February 8, 2015",Delaware,Newark,"Albert St",0,0,N/A
290388,"February 8, 2015",Delaware,Dover,"Rte 13",0,1,N/A
290723,"February 6, 2015",Delaware,"New Castle","Sandalwood Court",0,0,N/A
289515,"February 5, 2015",Delaware,Wilmington,"200 block of South Harrison Street",0,1,N/A
288868,"February 4, 2015",Delaware,Wilmington,"Lobdell Street and New Castle Avenue",0,1,N/A
287928,"February 2, 2015",Delaware,Wilmington,"800 block of Kirkwood St",0,1,N/A
287926,"February 2, 2015",Delaware,Wilmington,"Cedar and Anchorage streets",0,1,N/A
287339,"February 1, 2015",Delaware,"New Castle","5000 block of East Brigantine Court",0,1,N/A
287341,"February 1, 2015",Delaware,Wilmington,"E. 26th St. and Northeast Boulevard",0,1,N/A
287343,"January 31, 2015",Delaware,Elsmere,"200 block of Birch Ave",0,0,N/A
288387,"January 31, 2015",Delaware,Wilmington,"Fourth and Jackson streets",0,0,N/A
286540,"January 30, 2015",Delaware,Wilmington,"11th and Tatnell",0,0,N/A
285267,"January 27, 2015",Delaware,Wilmington,"900 block of East 17th Street",1,0,N/A
285275,"January 26, 2015",Delaware,Wilmington,"200 block of N. Broom St.",0,0,N/A
283554,"January 24, 2015",Delaware,Wilmington,"300 block of W 21st Street",1,0,N/A
283300,"January 23, 2015",Delaware,Wilmington,"200 block of N. Broom St.",1,2,N/A
281759,"January 20, 2015",Delaware,"New Castle","500 block of S. DuPont Highway",0,1,N/A
295695,"January 20, 2015",Delaware,"New Castle","500 block of South DuPont Highway",0,1,N/A
281136,"January 19, 2015",Delaware,Dover,"North Kirkwood Street",0,0,N/A
281132,"January 19, 2015",Delaware,Seaford,"26000 block of Bethel Concord Road",0,0,N/A
280693,"January 18, 2015",Delaware,Wilmington,"700 block of E. 26th St.",1,0,N/A
280301,"January 17, 2015",Delaware,Greenville,"Barley Mill Road",0,0,N/A
280093,"January 15, 2015",Delaware,Sussex,"23000 block of Cinnamon Lane",0,0,N/A
279158,"January 15, 2015",Delaware,Wilmington,"Vandever Ave. and Lamotte St",0,1,N/A
279096,"January 14, 2015",Delaware,Wilmington,"700 block of N. Monroe St",0,0,N/A
279093,"January 14, 2015",Delaware,"New Castle","Christiana Road",0,1,N/A
279550,"January 14, 2015",Delaware,Wilmington,"600 block of Concord Avenue",1,0,N/A
279091,"January 13, 2015",Delaware,Townsend,"Gum Bush Rd",1,0,N/A
278098,"January 12, 2015",Delaware,Wilmington,"200 block of W. 23rd St.",1,0,N/A
278092,"January 12, 2015",Delaware,Newark,"Vinings Way",2,0,N/A
276839,"January 9, 2015",Delaware,"New Castle","200 block of Parma Ave",1,0,N/A
310214,"January 8, 2015",Delaware,Dover,"Rt. 13",0,1,N/A
276514,"January 8, 2015",Delaware,Kent,"4200 block of N. Du Pont Highway",0,1,N/A
274953,"January 5, 2015",Delaware,Wilmington,"800 block of West St.",0,1,N/A
272880,"December 30, 2014",Delaware,Milford,"1000 block of N. Walnut St.",0,0,N/A
268404,"December 22, 2014",Delaware,Wilmington,"200 block of N. Clayton St.",0,0,N/A
267133,"December 21, 2014",Delaware,Dover,"50 Greenway Square",1,0,N/A
267911,"December 20, 2014",Delaware,Wilmington,"13 Lowry Dr",1,0,N/A
266382,"December 19, 2014",Delaware,Wilmington,"700 block of Vandever Avenue",1,0,N/A
266678,"December 18, 2014",Delaware,Wilmington,"500 block of Concord Ave",0,0,N/A
266153,"December 15, 2014",Delaware,Wilmington,"300 block of E. Front St.",0,0,N/A
264227,"December 15, 2014",Delaware,Wilmington,"900 block of N. Madison Street",0,1,N/A
264229,"December 14, 2014",Delaware,Wilmington,"Heritage Drive",0,0,N/A
263275,"December 12, 2014",Delaware,"Cedar Heights","Walnut and Maple Avenues",1,0,N/A
262314,"December 9, 2014",Delaware,Wilmington,"Vanlyn Ct",0,0,N/A
261041,"December 7, 2014",Delaware,Wilmington,"400 block of S. Heald St.",0,1,N/A
266649,"December 6, 2014",Delaware,Laurel,N/A,0,0,N/A
259686,"December 5, 2014",Delaware,Wilmington,"1051 S. Market St",0,0,N/A
259674,"December 4, 2014",Delaware,Wilmington,"1100 block of West Second St.,",0,1,N/A
259534,"December 4, 2014",Delaware,Wilmington,"West 2nd and Van Buren Streets",0,1,N/A
227487,"December 3, 2014",Delaware,Wilmington,"2200 bock of N. Pine St. ",0,1,N/A
226178,"November 26, 2014",Delaware,Newark,"N Bellwoode Dr",0,1,N/A
226182,"November 26, 2014",Delaware,"New Castle","100 block of W 9th St",1,0,N/A
225707,"November 26, 2014",Delaware,Wilmington,"23rd Street",0,1,N/A
225767,"November 26, 2014",Delaware,Wilmington,"22nd and Spruce streets",0,1,N/A
225795,"November 26, 2014",Delaware,Newark,"Bell Wood Drive",0,1,N/A
225221,"November 25, 2014",Delaware,Wilmington,"200 block of W. 28th St.",0,1,N/A
225227,"November 25, 2014",Delaware,Wilmington,"Maryland Avenue and Stroud Street",0,2,N/A
224836,"November 24, 2014",Delaware,Milton,"501 Palmer St",1,1,N/A
224054,"November 23, 2014",Delaware,Wilmington,"West 28th Street",0,1,N/A
224831,"November 23, 2014",Delaware,Wilmington,"300 block of South Harrison Street",0,2,N/A
223933,"November 22, 2014",Delaware,Wilmington,"27th Street and West Street",1,0,N/A
223523,"November 21, 2014",Delaware,Wilmington,"700 block of East 10th Street",0,1,N/A
223525,"November 20, 2014",Delaware,Wilmington,"22nd and N. Spruce Streets",0,1,N/A
223527,"November 19, 2014",Delaware,Wilmington,"2700 block of Enterprise St.",0,1,N/A
221727,"November 15, 2014",Delaware,Lincoln,"8819 Cedar Creek Road",0,1,N/A
221704,"November 15, 2014",Delaware,Georgetown,"Cedar Creek Road",0,1,N/A
221448,"November 15, 2014",Delaware,"New Castle","N. DuPont Highway",0,0,N/A
221043,"November 14, 2014",Delaware,Claymont,"Harvey Road and Garfield Avenue",1,0,N/A
221401,"November 14, 2014",Delaware,Wilmington,"700 N Monroe St",0,1,N/A
221675,"November 13, 2014",Delaware,Newark,"Marrows Road",1,0,N/A
221681,"November 12, 2014",Delaware,Bridgeville,"4700 block of Rabbit Run Road",0,0,N/A
220104,"November 11, 2014",Delaware,Wilmington,"1100 block of W. Second St.",0,1,N/A
220107,"November 11, 2014",Delaware,Wilmington,"1500 block of Lancaster Ave.",0,1,N/A
220109,"November 11, 2014",Delaware,Wilmington,"4865 Governor Printz Blvd.",0,1,N/A
220550,"November 11, 2014",Delaware,Wilmington,"Taylor and Bennett streets",0,1,N/A
218426,"November 9, 2014",Delaware,Wilmington,"1200 block of Pleasant St",0,1,N/A
217869,"November 8, 2014",Delaware,Wilmington,"24th and N. Tatnall Street",0,2,N/A
217755,"November 7, 2014",Delaware,Wilmington,"South Road",0,2,N/A
217308,"November 7, 2014",Delaware,Wilmington,"2400 block of N. Market St.",0,1,N/A
217310,"November 6, 2014",Delaware,Wilmington,"Fourth and North Rodney Streets",0,0,N/A
217312,"November 5, 2014",Delaware,Wilmington,"400 block of S. Heald St.",0,0,N/A
217314,"November 5, 2014",Delaware,Wilmington,"Taylor and Kirkwood Streets",0,1,N/A
221725,"November 5, 2014",Delaware,Wilmington,"200 block of Atlantic Avenue",0,0,N/A
217319,"November 4, 2014",Delaware,Wilmington,"600 block of N. Jefferson St.",0,0,N/A
216218,"November 4, 2014",Delaware,Wilmington,"Fifth and North Spruce Streets",0,1,N/A
215051,"November 3, 2014",Delaware,Dover,"1570 N Dupont Hwy",0,1,N/A
215054,"November 2, 2014",Delaware,Dover,"133 S. Bradford St.",0,1,N/A
214316,"November 1, 2014",Delaware,Dover,"Loockerman Street",0,1,N/A
213896,"October 30, 2014",Delaware,Wilmington,"Fifth and Webb Streets",0,1,N/A
213894,"October 29, 2014",Delaware,Wilmington,"700 block of E. 26th St.",0,1,N/A
211267,"October 26, 2014",Delaware,Dover,"Starboard Court",0,0,N/A
212733,"October 25, 2014",Delaware,Wilmington,"500 block of Concord Avenue",0,0,N/A
212735,"October 25, 2014",Delaware,Seaford,"Norman Eskridge Highway",0,0,N/A
210887,"October 24, 2014",Delaware,Wilmington,"700 block of Wollaston St.",0,0,N/A
210881,"October 23, 2014",Delaware,Wilmington,"900 block of East 17th Street",0,0,N/A
210099,"October 23, 2014",Delaware,Wilmington,"Garasches Lane",0,1,N/A
210113,"October 21, 2014",Delaware,Wilmington,"W. 29th St.",0,0,N/A
210115,"October 21, 2014",Delaware,Wilmington,"300 block of W. 29th St.",0,0,N/A
208242,"October 20, 2014",Delaware,Dover,"835 Bay Road",0,1,N/A
208277,"October 19, 2014",Delaware,Wilmington,"Fifth and Springer Streets",0,1,N/A
208841,"October 19, 2014",Delaware,Wilmington,"East 24th Street",0,0,N/A
204622,"October 10, 2014",Delaware,Wilmington,"800 block of North Monroe Street",0,0,N/A
204632,"October 9, 2014",Delaware,Dagsboro,"30000 block of Hoot Owl Ln",0,0,N/A
204014,"October 8, 2014",Delaware,"Wilmington (Edgemoor)","Rysing Dr and S Rodney Dr",0,1,N/A
203205,"October 8, 2014",Delaware,Wilmington,"Old Capitol Trail and St. James Road",0,0,N/A
203236,"October 6, 2014",Delaware,Wilmington,"10th and Bennett Streets",0,0,N/A
201858,"October 5, 2014",Delaware,Wilmington,"1030 S. Market St.",0,1,N/A
200381,"October 2, 2014",Delaware,Wilmington,N/A,0,1,N/A
200409,"October 2, 2014",Delaware,Wilmington,"West 3rd and North Dupont Street",0,0,N/A
200407,"October 2, 2014",Delaware,Wilmington,"Northeast Boulevard and Vandever Avenue",0,0,N/A
200369,"October 1, 2014",Delaware,Wilmington,"1100 block of B Street",0,0,N/A
200374,"October 1, 2014",Delaware,Wilmington,"1300 block of E. 28th St.",0,0,N/A
200386,"September 30, 2014",Delaware,Wilmington,"Ninth and Lombard Streets",0,0,N/A
198725,"September 30, 2014",Delaware,Wilmington,"Cliffside Court",0,1,N/A
198727,"September 28, 2014",Delaware,Wilmington,"800 block of Fourth Street",0,1,N/A
197248,"September 27, 2014",Delaware,Newark,"Adelene Avenue",0,0,N/A
197426,"September 27, 2014",Delaware,Wilmington,"800 block of Vandever Avenue",0,1,N/A
195899,"September 23, 2014",Delaware,Wilmington,"2900 block of Washington Street",0,1,N/A
194517,"September 20, 2014",Delaware,Wilmington,"Second and West Streets",0,1,N/A
194244,"September 19, 2014",Delaware,Wilmington,"100 N Franklin St",0,1,N/A
194233,"September 17, 2014",Delaware,Dover,"3400 block of Judith Rd",0,1,N/A
191692,"September 15, 2014",Delaware,Elsmere,"2100 block of Seneca Road",0,2,N/A
191695,"September 14, 2014",Delaware,Wilmington,"26th and North Heald streets",0,0,N/A
189848,"September 11, 2014",Delaware,Laurel,"31000 block of White St",0,1,N/A
189866,"September 11, 2014",Delaware,"New Castle","Route 141",0,0,N/A
189856,"September 10, 2014",Delaware,Glasgow,"2200 block of Glasgow Avenue",0,1,N/A
189861,"September 9, 2014",Delaware,Dover,"South Governors Boulevard and State Circle",0,1,N/A
189824,"September 9, 2014",Delaware,Wilmington,"2900 block of West Street",1,0,N/A
187972,"September 8, 2014",Delaware,Wilmington,"7th Street and Washington Street",0,1,N/A
189836,"September 8, 2014",Delaware,Wilmington,"7th and Washington streets",0,1,N/A
187260,"September 6, 2014",Delaware,Wilmington,"700 block of Tatnall Street",0,1,N/A
187273,"September 5, 2014",Delaware,Middletown,"Lockwood Street",0,2,N/A
186842,"September 5, 2014",Delaware,Wilmington,"Taylor and Kirkwood",0,1,N/A
187778,"September 4, 2014",Delaware,Wilmington,"300 block of W. 24th St.",0,0,N/A
185631,"September 3, 2014",Delaware,Wilmington,"East Seventh Street",0,0,N/A
185652,"September 3, 2014",Delaware,Wilmington,"900 block of East 26th Street",0,1,N/A
185654,"September 3, 2014",Delaware,Wilmington,"36th and Shipley Streets",0,1,N/A
184880,"September 2, 2014",Delaware,Wilmington,"1200 block of Lancaster Avenue",0,1,N/A
184885,"September 1, 2014",Delaware,Wilmington,"Taylor and Pine Streets",0,1,N/A
183645,"August 31, 2014",Delaware,Wilmington,N/A,1,0,N/A
183647,"August 31, 2014",Delaware,Wilmington,"27th St and Tatnall St",1,0,N/A
183654,"August 30, 2014",Delaware,Wilmington,"1030 South Market Street",0,1,N/A
183675,"August 30, 2014",Delaware,Wilmington,"300 block of North Bancroft Parkway",0,0,N/A
183677,"August 30, 2014",Delaware,Wilmington,"800 block of North Spruce Street",0,0,N/A
183649,"August 30, 2014",Delaware,Wilmington,"1600 block of West Fifth Street",0,0,N/A
183656,"August 28, 2014",Delaware,Wilmington,"2700 block of North Heald Street",0,1,N/A
181740,"August 27, 2014",Delaware,Dover,"North Kirkwood Street",0,1,N/A
183662,"August 27, 2014",Delaware,"Mill Creek","1200 block of Braken Avenue",0,0,N/A
181749,"August 26, 2014",Delaware,Wilmington,"50 block of Cunard St",0,1,N/A
181727,"August 26, 2014",Delaware,Wilmington,"1000 block of South Rodney Street",0,0,N/A
183651,"August 26, 2014",Delaware,Wilmington,"1400 block of North Washington Street",0,0,N/A
181756,"August 25, 2014",Delaware,Wilmington,"800 block of Pine Street",0,0,N/A
179911,"August 24, 2014",Delaware,Dover,"300 block of Simon Circle",1,1,N/A
181226,"August 24, 2014",Delaware,Dover,"South Kirkwood Street",1,0,N/A
179651,"August 23, 2014",Delaware,Seaford,"Ponds End Rd",0,2,N/A
179913,"August 23, 2014",Delaware,Wilmington,"3000 block of Washington Street",0,0,N/A
179216,"August 21, 2014",Delaware,Wilmington,"4600 block of North Market Street",0,1,N/A
179332,"August 21, 2014",Delaware,Dover,"100 Governors Avenue",0,0,N/A
178507,"August 21, 2014",Delaware,Lewes,"17000 block of King Philip Way",0,0,N/A
177228,"August 19, 2014",Delaware,Wilmington,"West Third Street",1,0,N/A
177634,"August 19, 2014",Delaware,Wilmington,"800 block of West Fourth Street",0,1,N/A
177002,"August 17, 2014",Delaware,Wilmington,"400 block of North Washington Street",0,0,N/A
177239,"August 17, 2014",Delaware,Bear,"Pulaski Highway and Wrangle Hill Road",0,0,N/A
177012,"August 17, 2014",Delaware,Wilmington,"500 block of West 35th Street",0,0,N/A
177262,"August 17, 2014",Delaware,Dover,"South New Street",0,1,N/A
177266,"August 17, 2014",Delaware,"New Castle","100 block of Parma Avenue",0,1,N/A
175966,"August 17, 2014",Delaware,Wilmington,"700 block of East 28th Street",0,1,N/A
177222,"August 17, 2014",Delaware,"New Castle","West Eighth and Delaware Streets",0,0,N/A
176797,"August 17, 2014",Delaware,Elsmere,"2700 block of Boulevard Road",0,0,N/A
177018,"August 16, 2014",Delaware,Millsboro,"Mount Joy Road",0,0,N/A
175975,"August 16, 2014",Delaware,Lincoln,"20639 Fleatown Road",0,1,N/A
175977,"August 16, 2014",Delaware,Harrington,"South Du Pont Highway",0,0,N/A
175960,"August 15, 2014",Delaware,Wilmington,"2700 block of Northeast Boulevard",0,1,N/A
174610,"August 14, 2014",Delaware,Wilmington,"10th and Adams Streets",0,1,N/A
174612,"August 13, 2014",Delaware,Wilmington,"24th and Claymont Streets",0,1,N/A
173866,"August 12, 2014",Delaware,"New Castle","1627 New Jersey Ave",0,1,N/A
173862,"August 12, 2014",Delaware,Wilmington,"300 block of North Du Pont Street",0,1,N/A
173873,"August 12, 2014",Delaware,"New Castle","Memorial Drive",0,0,N/A
173854,"August 12, 2014",Delaware,Wilmington,"400 block of North Monroe Street",0,3,N/A
173923,"August 11, 2014",Delaware,Dover,N/A,0,0,N/A
172237,"August 10, 2014",Delaware,Newark,"Old Baltimore Pike",0,0,N/A
173701,"August 10, 2014",Delaware,Greenwood,"11000 block of Adamsville Road",0,0,N/A
172239,"August 8, 2014",Delaware,Wilmington,"500 block of Shearman Street",0,1,N/A
172241,"August 8, 2014",Delaware,Wilmington,"East 13th and Claymont Streets",1,0,N/A
173888,"August 8, 2014",Delaware,"New Castle","U.S. 13",0,0,N/A
172244,"August 8, 2014",Delaware,Wilmington,"West 27th and North Tatnall Streets",0,2,N/A
173898,"August 8, 2014",Delaware,"New Castle","Stonebridge Boulevard",0,0,N/A
171104,"August 7, 2014",Delaware,Wilmington,"600 block of West Lea Boulevard",1,0,N/A
171107,"August 6, 2014",Delaware,Bear,"Delaware 71",0,0,N/A
170923,"August 5, 2014",Delaware,Stanton,"1900 block of West Newport Pike",0,1,N/A
171122,"August 4, 2014",Delaware,Wilmington,N/A,0,0,N/A
169158,"August 3, 2014",Delaware,Laurel,"30661 Sussex Highway",0,0,N/A
169162,"August 3, 2014",Delaware,Wilmington,"300 block of Concord Avenue",0,1,N/A
177541,"August 3, 2014",Delaware,"New Castle","100 block of Stamm Boulevard",0,0,N/A
169164,"August 1, 2014",Delaware,Wilmington,"300 block of Concord Avenue",0,1,N/A
167145,"July 29, 2014",Delaware,Wilmington,"200 block of Washington Street",0,0,N/A
167157,"July 29, 2014",Delaware,Wilmington,"700 block of Curlett Street",0,1,N/A
167136,"July 28, 2014",Delaware,Newark,"50 block of Thorn Ln",0,1,N/A
167177,"July 27, 2014",Delaware,Wilmington,"1300 block of Chestnut Street",0,1,N/A
164602,"July 26, 2014",Delaware,Bear,"1800 block of Pulaski Highway",0,1,N/A
167175,"July 25, 2014",Delaware,Seaford,"300 North Dual Highway",0,0,N/A
164612,"July 22, 2014",Delaware,Smyrna,"50 block of E South St",0,0,N/A
162092,"July 21, 2014",Delaware,Dover,"Saulsbury and Walker Roads",0,0,N/A
162083,"July 20, 2014",Delaware,Dover,"N DuPont Hwy and Leipsic Rd",0,0,N/A
164622,"July 17, 2014",Delaware,Millsboro,N/A,0,0,N/A
160668,"July 17, 2014",Delaware,"New Castle","Buttonwood Ave",0,0,N/A
160023,"July 17, 2014",Delaware,Wilmington,"22nd and Pine Streets",0,1,N/A
159225,"July 14, 2014",Delaware,Dover,"Kentwood Drive",0,0,N/A
158065,"July 13, 2014",Delaware,Wilmington,"100 block of North Van Buren Street",0,1,N/A
159207,"July 13, 2014",Delaware,"New Castle","260 Christiana Road",0,1,N/A
159238,"July 12, 2014",Delaware,Middletown,"300 block of Marldale Drive",0,0,N/A
157809,"July 11, 2014",Delaware,Wilmington,"West 24th and North Market Streets",0,1,N/A
157139,"July 9, 2014",Delaware,Wilmington,"15 West Lea Boulevard",0,0,N/A
157130,"July 9, 2014",Delaware,Wilmington,"100 block of East 22nd Street",1,0,N/A
162229,"July 8, 2014",Delaware,Wilmington,N/A,0,0,N/A
156237,"July 7, 2014",Delaware,Wilmington,"West 35th and North Market Streets",0,0,N/A
156253,"July 7, 2014",Delaware,Wilmington,"West 7th and North Adams Streets",1,0,N/A
155281,"July 6, 2014",Delaware,Dover,"217 N Kirkwood St",0,2,N/A
155273,"July 6, 2014",Delaware,Wilmington,"West Fifth and North Madison",0,1,N/A
155275,"July 5, 2014",Delaware,Felton,"2000 block of Vernon Road",0,0,N/A
156255,"July 5, 2014",Delaware,Wilmington,"200 block of North Van Buren Street",0,0,N/A
155277,"July 4, 2014",Delaware,Wilmington,"100 block of West 27th Street",0,1,N/A
156257,"July 4, 2014",Delaware,Wilmington,"300 block of North Monroe Street",0,0,N/A
154580,"July 4, 2014",Delaware,Dover,"Norway Drive",0,1,N/A
153849,"July 1, 2014",Delaware,Newark,"300 block of Sandburg Place",1,1,N/A
153860,"June 30, 2014",Delaware,Middletown,"2111 Dupont Hwy",0,0,N/A
153864,"June 30, 2014",Delaware,Newark,"50 block of Heron Ct",1,0,N/A
197887,"June 30, 2014",Delaware,Newark,"Heron Court",1,0,N/A
153873,"June 30, 2014",Delaware,Wilmington,"Pine and Taylor Streets",1,0,N/A
152502,"June 29, 2014",Delaware,Townsend,"6300 block of Summit Bridge Road",0,1,N/A
152565,"June 28, 2014",Delaware,Elsmere,"1950 Maryland Avenue",0,0,N/A
151856,"June 28, 2014",Delaware,Wilmington,"Maryland Avenue",0,0,N/A
151840,"June 27, 2014",Delaware,Bear,"1800 block of Pulaski Highway",0,0,N/A
150623,"June 25, 2014",Delaware,Magnolia,"Bay Hill  Ln and W Birdie Ln",1,1,N/A
151845,"June 25, 2014",Delaware,Wilmington,"10th Street and Jackson",0,1,N/A
150732,"June 23, 2014",Delaware,Wilmington,"500 block of West Sixth Street",0,1,N/A
151037,"June 23, 2014",Delaware,"New Castle","DuPont Highway",0,1,N/A
149868,"June 22, 2014",Delaware,Wilmington,"700 block of North Spruce Street",0,2,N/A
149875,"June 21, 2014",Delaware,Wilmington,"800 block of North Pine Street",1,0,N/A
148764,"June 19, 2014",Delaware,Wilmington,"300 block of North Pine Street",0,0,N/A
148777,"June 18, 2014",Delaware,Townsend,"6300 block of Summit Bridge Road",0,1,N/A
148770,"June 17, 2014",Delaware,Newark,"Stanton-Ogletown Road and Churchmans Road",0,0,N/A
146828,"June 16, 2014",Delaware,Dover,"100 block of Vera Way",0,0,N/A
147433,"June 15, 2014",Delaware,Wilmington,"200 block of Murphy Road",0,0,N/A
146826,"June 13, 2014",Delaware,Bear,"Rivers End Drive",0,1,N/A
145616,"June 11, 2014",Delaware,Dover,"Becky Lane",0,1,N/A
145620,"June 10, 2014",Delaware,Newark,"Harlech Hall",1,2,N/A
148603,"June 10, 2014",Delaware,Newark,"50 block of Harlech Hall",1,2,N/A
148609,"June 10, 2014",Delaware,Wilmington,"400 block of North Broom Street",0,1,N/A
145946,"June 10, 2014",Delaware,Wilmington,"100 block of West 31st Street",0,1,N/A
144691,"June 10, 2014",Delaware,Claymont,"Ridge Road",0,0,N/A
144674,"June 8, 2014",Delaware,Dover,"Voshells Mill Star Hill Road",0,0,N/A
144671,"June 7, 2014",Delaware,Dover,"51 Webbs Lane",1,0,N/A
144677,"June 6, 2014",Delaware,Newark,"Martell Rd and Matthews Rd",0,1,N/A
222141,"June 6, 2014",Delaware,Wilmington,"1601 Kirkwood Hwy",0,1,N/A
143246,"June 5, 2014",Delaware,Claymont,"700 block of Peachtree Road",1,0,N/A
143241,"June 4, 2014",Delaware,Newark,"100 Continental Dr",0,0,N/A
144189,"June 4, 2014",Delaware,"New Castle","713 East Basin Road",0,0,N/A
143248,"June 4, 2014",Delaware,Bear,"Printz Drive",0,0,N/A
143244,"June 3, 2014",Delaware,Bridgeville,"Chaplins Chapel Road",0,0,N/A
142442,"June 1, 2014",Delaware,Wilmington,"200 block of North Broom Street",0,1,N/A
140958,"May 30, 2014",Delaware,Dover,"Barnsley Ct",0,0,N/A
140961,"May 29, 2014",Delaware,Wilmington,"2700 block of Bowers Street",0,1,N/A
140964,"May 29, 2014",Delaware,"Delaware City","100 block of Fifth Street",0,1,N/A
140966,"May 29, 2014",Delaware,"Delaware City","Clinton Street",0,0,N/A
140954,"May 29, 2014",Delaware,Wilmington,"1000 block of North Madison Street",0,1,N/A
140894,"May 28, 2014",Delaware,Smyrna,"Sugar Maple Ln",1,0,N/A
140474,"May 28, 2014",Delaware,Smyrna,"500 block of West Commerce Street",0,0,N/A
140495,"May 27, 2014",Delaware,Wilmington,"1100 block of Conrad St",1,0,N/A
139563,"May 27, 2014",Delaware,Dover,"200 block of South Governors Avenue",0,1,N/A
140501,"May 27, 2014",Delaware,Townsend,"200 block of Aberdeen Way",0,0,N/A
140891,"May 26, 2014",Delaware,Camden,"7000 block of Willow Grove Road",1,0,N/A
140469,"May 25, 2014",Delaware,Dover,"North New and Division Streets",0,1,N/A
139552,"May 22, 2014",Delaware,Wilmington,"500 block of North Jefferson Street",1,0,N/A
136562,"May 19, 2014",Delaware,Selbyville,N/A,2,0,N/A
136576,"May 19, 2014",Delaware,Harrington,"2000 block of Bloomfield Drive",0,1,N/A
136571,"May 18, 2014",Delaware,Dover,"200 block of Presidents Drive",0,0,N/A
136833,"May 17, 2014",Delaware,Dover,"New Castle Avenue and East Water Street",0,1,N/A
136820,"May 16, 2014",Delaware,Wilmington,"500 block of North Broom Street",0,1,N/A
135215,"May 15, 2014",Delaware,Wilmington,"400 Claymont Street",0,1,N/A
136811,"May 14, 2014",Delaware,Wilmington,"610 East 17th Street",0,0,N/A
136841,"May 14, 2014",Delaware,Wilmington,"1800 block of West Third Street",0,0,N/A
136554,"May 13, 2014",Delaware,Wilmington,"300 block of Linden Street",0,0,N/A
134927,"May 12, 2014",Delaware,Bear,"200 block of Deep Creek Terrace",0,2,N/A
134128,"May 9, 2014",Delaware,"New Castle","50 block of Chaddwyck Blvd",0,0,N/A
134130,"May 8, 2014",Delaware,Wilmington,"East 10th and North Spruce Streets",1,0,N/A
134135,"May 8, 2014",Delaware,Wilmington,"1600 block of West Fifth Street",0,1,N/A
134140,"May 8, 2014",Delaware,Seaford,"Sussex Avenue and Stein Highway",0,0,N/A
227394,"May 8, 2014",Delaware,Dover,"6 W. Lebanon Road",0,0,N/A
132827,"May 6, 2014",Delaware,Wilmington,"1000 block of South Market Street",0,1,N/A
132831,"May 6, 2014",Delaware,Dover,"1210 White Oak Road",0,0,N/A
132836,"May 6, 2014",Delaware,Dover,"1019 Walker Road",0,0,N/A
132483,"May 5, 2014",Delaware,Wilmington,"400 block West 25th Street",0,1,N/A
131856,"May 4, 2014",Delaware,Newark,"15 Fox Hall",0,1,N/A
131867,"May 1, 2014",Delaware,Wilmington,"200 block of North Rodney Street",0,0,N/A
131863,"May 1, 2014",Delaware,Wilmington,"East 24th and Market Streets",1,0,N/A
133508,"May 1, 2014",Delaware,Seaford,"24000 Jewell St",0,0,N/A
131018,"April 30, 2014",Delaware,Dover,"700 block of North West Street",0,0,N/A
131865,"April 30, 2014",Delaware,Wilmington,"Sherman and Lombard Streets",0,0,N/A
131789,"April 28, 2014",Delaware,Lewes,"33000 block of Camilla Drive",0,0,N/A
129996,"April 27, 2014",Delaware,Wilmington,"2700 block of Lancaster Avenue",0,1,N/A
130000,"April 27, 2014",Delaware,Elsmere,"2110 Kirkwood Highway",0,0,N/A
129277,"April 25, 2014",Delaware,Wilmington,"3100 New  Castle",1,0,N/A
129920,"April 24, 2014",Delaware,Dover,"12th and Melrose",1,0,N/A
130009,"April 22, 2014",Delaware,"New Castle","3100 block of New Castle Ave",1,0,N/A
130022,"April 21, 2014",Delaware,Dover,"145 Haman Dr",0,0,N/A
127175,"April 20, 2014",Delaware,Wilmington,"500 block of Clayton Street",0,1,N/A
127169,"April 18, 2014",Delaware,Wilmington,"400 block of W 31st Street",0,1,N/A
125874,"April 14, 2014",Delaware,Wilmington,"W. 2nd and N. Van Buren streets",0,1,N/A
125876,"April 13, 2014",Delaware,Wilmington,"West 25th and Washington",0,1,N/A
127225,"April 11, 2014",Delaware,Claymont,"Everett Ave",0,1,N/A
127165,"April 9, 2014",Delaware,Milford,"100 block of Montgomery Street",0,1,N/A
123983,"April 8, 2014",Delaware,"New Castle","1627 New Jersey Ave",0,3,N/A
123969,"April 8, 2014",Delaware,Newark,"S Chapel Street",0,0,N/A
123307,"April 8, 2014",Delaware,"Wilmington Manor","1600 New Jersey Avenue",0,2,N/A
121613,"April 3, 2014",Delaware,Wilmington,"Elm and South Harrison ",1,0,N/A
121619,"April 3, 2014",Delaware,Dover,"100 block of Spruance Road",0,1,N/A
121616,"April 2, 2014",Delaware,Wilmington,"East 28th Street and Claymont Street",1,0,N/A
121905,"April 2, 2014",Delaware,Dover,"S State Street",0,1,N/A
121913,"April 2, 2014",Delaware,Wilmington,"Eighth and Pine Streets",0,1,N/A
121942,"March 31, 2014",Delaware,Wilmington,"6th and Madison Streets",0,1,N/A
121975,"March 30, 2014",Delaware,Claymont,"200 block of Harbor Drive",0,0,N/A
120067,"March 29, 2014",Delaware,Middletown,"2111 Dupont Hwy",0,1,N/A
121951,"March 27, 2014",Delaware,Talleyville,"4800 block of Governor Printz Boulevard",0,1,N/A
119326,"March 27, 2014",Delaware,Wilmington,"600 Naamans Road",0,1,N/A
118541,"March 24, 2014",Delaware,Seaford,"23000 block of East Middlecord Circle",0,0,N/A
118125,"March 23, 2014",Delaware,Newark,"17 New London Rd",0,0,N/A
118222,"March 23, 2014",Delaware,Wilmington,"1030 S. Market St. ",0,1,N/A
115105,"March 14, 2014",Delaware,Wilmington,"West 23rd Street",0,1,N/A
121997,"March 7, 2014",Delaware,Wilmington,"2100 N Jefferson Street",0,1,N/A
121993,"March 6, 2014",Delaware,Wilmington,"1200 Lancaster Avenue",0,1,N/A
121988,"March 4, 2014",Delaware,Wilmington,"700 N Pine Street",0,1,N/A
121982,"February 24, 2014",Delaware,Wilmington,"E 35th and N Church Street",1,0,N/A
109921,"February 22, 2014",Delaware,Wilmington,"1300 block of Vandever Avenue ",0,0,N/A
109923,"February 22, 2014",Delaware,Wilmington,"North Union Street",0,0,N/A
121980,"February 18, 2014",Delaware,Wilmington,"500 N Madison Street",0,1,N/A
110994,"February 16, 2014",Delaware,Wilmington,"South Market Street ",0,1,N/A
107556,"February 16, 2014",Delaware,Wilmington,"500 block of N. Rodney Street",1,0,N/A
121973,"February 11, 2014",Delaware,Wilmington,"600 N Lincoln Street",0,1,N/A
104222,"February 4, 2014",Delaware,Newark,"750 East Delaware Avenue",0,0,N/A
103866,"February 3, 2014",Delaware,Laurel,"Johnson Road",0,0,N/A
104228,"February 3, 2014",Delaware,Wilmington,"500 block of S. Harrison Street",0,0,N/A
105155,"February 2, 2014",Delaware,Dover,"800 block of Woodcrest Dr",0,1,N/A
105157,"February 1, 2014",Delaware,Wilmington,"2100 block of N. Spruce Street",0,0,N/A
104233,"January 30, 2014",Delaware,Georgetown,"U.S. 113 and County Seat Highway",0,0,N/A
102235,"January 27, 2014",Delaware,Felton,"700 block of Walnut Shade Rd",0,0,N/A
101162,"January 25, 2014",Delaware,Dover,"Division Street and New Street",0,0,N/A
100297,"January 24, 2014",Delaware,Wilmington,"Harpers Place",0,2,N/A
98543,"January 20, 2014",Delaware,Dover,"200 block of N Wilson Dr",0,0,N/A
98532,"January 18, 2014",Delaware,Wilmington,"700 block of South Broom Street",1,0,N/A
98548,"January 18, 2014",Delaware,Wilmington,"500 block of Springer Street",0,0,N/A
98545,"January 17, 2014",Delaware,Wilmington,"200 block of N. Van Buren Street",0,0,N/A
98555,"January 16, 2014",Delaware,Wilmington,"900 block of E. 12th Street",0,0,N/A
97886,"January 16, 2014",Delaware,Wilmington,"26th and Monroe Streets",0,0,N/A
96780,"January 14, 2014",Delaware,Millsboro,"28000 block of Harmons Hill Rd",2,0,N/A
95581,"January 13, 2014",Delaware,Felton,"US 13 and Walnut Shade Rd",0,0,N/A
98530,"January 13, 2014",Delaware,Dover,"2 Capitol Ave",0,0,N/A
97636,"January 13, 2014",Delaware,Wilmington,"1300 block of Vandever Ave. ",0,1,N/A
109204,"January 10, 2014",Delaware,Wilmington,N/A,0,1,N/A
95594,"January 9, 2014",Delaware,Magnolia,"200 block of Lambert Dr",0,0,N/A
94419,"January 7, 2014",Delaware,Wilmington,"200 block of N Broom St",0,1,N/A
94408,"January 7, 2014",Delaware,Wilmington,"1500 block of W 5th St",0,1,N/A
94431,"January 7, 2014",Delaware,Wilmington,"1200 block of Forrest Drive",0,0,N/A
94439,"January 6, 2014",Delaware,Dover,"McDaniel Dr",0,1,N/A
93215,"January 5, 2014",Delaware,Wilmington,N/A,0,2,N/A
93013,"January 4, 2014",Delaware,Wilmington,"2400 block of Carter Street",1,0,N/A
93223,"January 4, 2014",Delaware,Wilmington,"2100 block of Washington Street",0,1,N/A
92357,"January 1, 2014",Delaware,Wilmington,"1400 block of West 3rd",1,0,N/A
495374,"December 7, 2013",Delaware,Wilmington,"3421 Kirkwood Hwy",0,4,N/A
491729,"August 10, 2013",Delaware,Wilmington,"1200 block of Second Street",0,4,N/A
480327,"February 11, 2013",Delaware,Wilmington,"500 North King St",3,2,N/A